metin,kategori,label,intent,intent_label,oncelik,oncelik_label,stil,kaynak
Kartal istasyonunda 1. peron aydınlatması tamamen söndü.,elektrik_enerji,1,fault_report,0,P3,2,standart,relabel:gemini
Mecidiyeköy istasyonunda ana dağıtım panosunda sigorta atması meydana geldi.,elektrik_enerji,1,fault_report,0,P2,1,standart,relabel:gemini
Sanayi Mahallesi istasyonunda acil aydınlatma üniteleri test sırasında yanmadı.,elektrik_enerji,1,fault_report,0,P3,2,standart,relabel:gemini
Kirazlı istasyonunda bilet holü aydınlatması titriyor ve sönük.,elektrik_enerji,1,fault_report,0,P3,2,standart,relabel:gemini
Yenikapı istasyonunda üçüncü ray voltaj düşüşü alarmı oluştu.,elektrik_enerji,1,fault_report,0,P2,1,standart,relabel:gemini
Atatürk Havalimanı istasyonunda UPS baterileri yedek enerji vermiyor.,elektrik_enerji,1,fault_report,0,P3,2,standart,relabel:gemini
Gayrettepe istasyonunda jeneratör test çalışması başaramadı alarm aktif.,elektrik_enerji,1,fault_report,0,P3,2,standart,relabel:gemini
Kağıthane istasyonunda katener hattında iskıla oluşumu tespit edildi.,elektrik_enerji,1,fault_report,0,P2,1,standart,relabel:gemini
Levent istasyonunda peron üstü aydınlatma armatürleri yanmıyor.,elektrik_enerji,1,fault_report,0,P3,2,standart,relabel:gemini
4. Levent istasyonunda trafo yanmış kokusu geliyor acil müdahale.,elektrik_enerji,1,fault_report,0,P1,0,standart,relabel:gemini
Seyrantepe istasyonunda güney çıkış aydınlatması kesik kesik yanıyor.,elektrik_enerji,1,fault_report,0,P3,2,standart,relabel:gemini
Göztepe istasyonunda elektrik panosu üzerindeki kontaktör sürekli atıyor.,elektrik_enerji,1,fault_report,0,P3,2,standart,relabel:gemini
Kozyatağı istasyonunda UPS cihazı hata lambası yanıyor sesli alarm.,elektrik_enerji,1,fault_report,0,P3,2,standart,relabel:gemini
Bostancı istasyonunda 2. peron aydınlatma şalteri işlevsiz ışık açılmıyor.,elektrik_enerji,1,fault_report,0,P3,2,standart,relabel:gemini
Dudullu istasyonunda acil durma butonları aydınlatması yanmıyor.,elektrik_enerji,1,fault_report,0,P3,2,standart,relabel:gemini
Ümraniye istasyonunda kablo kanalı sızdırmazlığı nedeniyle korozyon riski var.,altyapi_insaat,10,fault_report,0,P3,2,standart,relabel:gemini
Çekmeköy istasyonunda peron kenarı aydınlatma kolu kırık kablo görünüyor.,elektrik_enerji,1,fault_report,0,P1,0,standart,relabel:gemini
Sultanbeyli istasyonunda jeneratör yakıt seviyesi kritik seviyeye düştü.,elektrik_enerji,1,fault_report,0,P3,2,standart,relabel:gemini
Kartal istasyonunda besleme şalteri kapatılmıyor mekanik takılma var.,elektrik_enerji,1,fault_report,0,P2,1,standart,relabel:gemini
Mecidiyeköy istasyonunda tünel aydınlatması yarı kapasitede çalışıyor.,elektrik_enerji,1,fault_report,0,P3,2,standart,relabel:gemini
Sanayi Mahallesi istasyonunda UPS baypas moduna düşmüş log kaydedildi.,elektrik_enerji,1,fault_report,0,P3,2,standart,relabel:gemini
Kirazlı istasyonunda asansör makina odası aydınlatması tamamen kapalı.,elektrik_enerji,1,fault_report,0,P4,3,standart,relabel:gemini
Yenikapı istasyonunda katener gerilim değeri normalin altına düştü.,elektrik_enerji,1,fault_report,0,P2,1,standart,relabel:gemini
Atatürk Havalimanı istasyonunda peron aydınlatma sensörü gün ışığında kapanmıyor.,elektrik_enerji,1,fault_report,0,P4,3,standart,relabel:gemini
Gayrettepe istasyonunda anahtar transfer şalteri otomatik devreye girmedi.,elektrik_enerji,1,fault_report,0,P2,1,standart,relabel:gemini
Kağıthane istasyonunda üçüncü ray izolatörü kırık sızdırma akımı var.,elektrik_enerji,1,fault_report,0,P1,0,standart,relabel:gemini
Levent istasyonunda acil aydınlatma bataryaları şarj olmuyor değiştirilecek.,elektrik_enerji,1,fault_report,0,P3,2,standart,relabel:gemini
4. Levent istasyonunda dağıtım panosu içi sıcaklık alarmı verdi.,elektrik_enerji,1,fault_report,0,P2,1,standart,relabel:gemini
Seyrantepe istasyonunda bilet makineleri enerji kesintisinde kapanıyor UPS yok.,elektrik_enerji,1,fault_report,0,P3,2,standart,relabel:gemini
Göztepe istasyonunda peron duvarı aydınlatması su basması nedeniyle yanıp sönüyor.,altyapi_insaat,10,fault_report,0,P2,1,standart,relabel:gemini
Kozyatağı istasyonunda trafo soğutma fanları çalışmıyor ısınma riski.,elektrik_enerji,1,fault_report,0,P2,1,standart,relabel:gemini
Bostancı istasyonunda katener gerginlik cihazı blokaj yapmış hareketsiz.,elektrik_enerji,1,fault_report,0,P2,1,standart,relabel:gemini
Dudullu istasyonunda UPS çıkış voltajı dalgalı hassas cihazlar etkileniyor.,elektrik_enerji,1,fault_report,0,P2,1,standart,relabel:gemini
Ümraniye istasyonunda acil çıkış yolu aydınlatması regelasyon bozuk.,elektrik_enerji,1,fault_report,0,P3,2,standart,relabel:gemini
Çekmeköy istasyonunda jeneratör soğutma suyu sızdırıyor elektrik panosu tehlikede.,elektrik_enerji,1,fault_report,0,P1,0,standart,relabel:gemini
Sultanbeyli istasyonunda peron aydınlatma zamanlayıcısı yanlış saatlerde tetikleniyor.,elektrik_enerji,1,fault_report,0,P4,3,standart,relabel:gemini
Kozyatağı istasyonunda YM-03 katener kesici aparatı isolasyon hatası veriyor.,elektrik_enerji,1,fault_report,0,P2,1,standart,relabel:gemini
Dudullu istasyonunda PSD-08 peron kapı aydınlatmaları tamamen söndü.,sinyalizasyon_haberlesme,3,fault_report,0,P2,1,standart,relabel:gemini
Çekmeköy istasyonunda BSO-02 bilet holü UPS cihazı arızalı.,elektrik_enerji,1,fault_report,0,P3,2,standart,relabel:gemini
Sultanbeyli istasyonunda YKS-01 yerli katener kontrol ünitesi hata veriyor.,elektrik_enerji,1,fault_report,0,P3,2,standart,relabel:gemini
Şişli istasyonunda kuzey giriş aydınlatması tamamen söndü.,elektrik_enerji,1,fault_report,0,P3,2,standart,relabel:gemini
Şişhane istasyonunda ana dağıtım panosunda sigorta atması oluştu.,elektrik_enerji,1,fault_report,0,P2,1,standart,relabel:gemini
Kadıköy istasyonunda peron üstü acil aydınlatması testte yanıp söndü.,elektrik_enerji,1,fault_report,0,P2,1,standart,relabel:gemini
Üsküdar istasyonunda 턴스타일 bölgesi aydınlatması gece vardiyasında kapanmıyor.,elektrik_enerji,1,fault_report,0,P3,2,standart,relabel:gemini
Şişli istasyonunda UPS bateri grubu düşük voltaj alarmı verdi.,elektrik_enerji,1,fault_report,0,P3,2,standart,relabel:gemini
Şişhane istasyonunda trafo odası soğutma fanı çalışmıyor.,elektrik_enerji,1,fault_report,0,P2,1,standart,relabel:gemini
Kadıköy istasyonunda güney çıkış rampası aydınlatması yarım kaldı.,elektrik_enerji,1,fault_report,0,P3,2,standart,relabel:gemini
Üsküdar istasyonunda jeneratör test çalışması otomatik başlatılmadı.,elektrik_enerji,1,fault_report,0,P2,1,standart,relabel:gemini
Şişhane istasyonunda katener gerginlik cihazı uyarı ışığı yanıyor.,elektrik_enerji,1,fault_report,0,P2,1,standart,relabel:gemini
Kadıköy istasyonunda akşam yoğun saatindevoltaj dalgalanması hissedildi.,elektrik_enerji,1,fault_report,0,P2,1,standart,relabel:gemini
darussafaka istasyon genel aydinlatma yarisi calismiyor,elektrik_enerji,1,fault_report,0,P3,2,yazim_yanlisi,relabel:openrouter
osmanbey peron aydinlatmasi cok dim gozluk gerekiyor,elektrik_enerji,1,fault_report,0,P3,2,yazim_yanlisi,relabel:openrouter
aksaray aktarma kat aydinlatma panosu cizgisi cikti,elektrik_enerji,1,fault_report,0,P2,1,yazim_yanlisi,relabel:openrouter
carsi peron katener gerilimi dusuk acil bakim,elektrik_enerji,1,fault_report,0,P2,1,yazim_yanlisi,relabel:openrouter
dudullu uks jenrator baslama motoru calismiyo,elektrik_enerji,1,fault_report,0,P2,1,yazim_yanlisi,relabel:openrouter
parseller istasyon aydinlatma armaturleri cok eski yanmiyor,elektrik_enerji,1,fault_report,0,P3,2,yazim_yanlisi,relabel:openrouter
ikitelli sanayi peron ucuncu ray kablolari erimis,elektrik_enerji,1,fault_report,0,P1,0,yazim_yanlisi,relabel:openrouter
istanbul havalimani uks trafo sicaklik alarmi acik,elektrik_enerji,1,fault_report,0,P1,0,yazim_yanlisi,relabel:openrouter
haciosman 2 peron aydinlatma fotosel hassasiyeti bozuldu,elektrik_enerji,1,fault_report,0,P3,2,yazim_yanlisi,relabel:openrouter
uzuncayir alt kat aydinlatma sondi yedek yok,elektrik_enerji,1,fault_report,0,P1,0,yazim_yanlisi,relabel:openrouter
uzuncayir kuzey giris jenerator calismiyo acil,elektrik_enerji,1,fault_report,0,P2,1,yazim_yanlisi,relabel:openrouter
gayrettepe koridor ups batarya sarj tutmuyor,elektrik_enerji,1,fault_report,0,P3,2,yazim_yanlisi,relabel:openrouter
gayrettepe guney cikis panel sigorta atldi,elektrik_enerji,1,fault_report,0,P3,2,yazim_yanlisi,relabel:openrouter
yenikapi alt kat katener telleri kopuk,elektrik_enerji,1,fault_report,0,P1,0,yazim_yanlisi,relabel:openrouter
yenikapi kuzey giris trafo yag seviyesi dusuk,elektrik_enerji,1,fault_report,0,P2,1,yazim_yanlisi,relabel:openrouter
esenler koridor aydinlatma armaturleri yanmiyor,elektrik_enerji,1,fault_report,0,P3,2,yazim_yanlisi,relabel:openrouter
esenler guney cikis elektrik kesintisi ups devreye girdi,elektrik_enerji,1,fault_report,0,P3,2,yazim_yanlisi,relabel:openrouter
aksaray alt kat yedek jenerator test basarisiz,elektrik_enerji,1,fault_report,0,P2,1,yazim_yanlisi,relabel:openrouter
aksaray kuzey giris panel ariza alarm veriyor,elektrik_enerji,1,fault_report,0,P3,2,yazim_yanlisi,relabel:openrouter
sishane koridor aydinlatma fotosel calismiyo,elektrik_enerji,1,fault_report,0,P3,2,yazim_yanlisi,relabel:openrouter
Şirinevler peron aydınlatması söndü,elektrik_enerji,1,fault_report,0,P1,0,cok_kisa,relabel:openrouter
Esenler katener voltajı düşük,elektrik_enerji,1,fault_report,0,P2,1,cok_kisa,relabel:openrouter
Kirazlı jeneratör devreye girmedi,elektrik_enerji,1,fault_report,0,P2,1,cok_kisa,relabel:openrouter
Yenikapı UPS arıza verdi,elektrik_enerji,1,fault_report,0,P2,1,cok_kisa,relabel:openrouter
Aksaray trafo sigortası atıldı,elektrik_enerji,1,fault_report,0,P2,1,cok_kisa,relabel:openrouter
Levent üçüncü ray hatası,elektrik_enerji,1,fault_report,0,P1,0,cok_kisa,relabel:openrouter
Taksim giriş kat aydınlatması kapalı,elektrik_enerji,1,fault_report,0,P3,2,cok_kisa,relabel:openrouter
Kadıköy katener kesikliği tespit edildi,elektrik_enerji,1,fault_report,0,P1,0,cok_kisa,relabel:openrouter
Kartal enerji panosu ısınıyor,elektrik_enerji,1,fault_report,0,P1,0,cok_kisa,relabel:openrouter
Gayrettepe peron ışıkları yanıp sönüyor,elektrik_enerji,1,fault_report,0,P3,2,cok_kisa,relabel:openrouter
Kağıthane jeneratör yakıt pompası arızalı,elektrik_enerji,1,fault_report,0,P3,2,cok_kisa,relabel:openrouter
Atatürk Havalimanı UPS bataryası boş,elektrik_enerji,1,fault_report,0,P2,1,cok_kisa,relabel:openrouter
Otogar katener gerilimi normalüstü,elektrik_enerji,1,fault_report,0,P1,0,cok_kisa,relabel:openrouter
Mecidiyeköy trafoya su basması,elektrik_enerji,1,fault_report,0,P1,0,cok_kisa,relabel:openrouter
Hacıosman kablo kanalı yangını,elektrik_enerji,1,incident_report,1,P1,0,cok_kisa,relabel:openrouter
Yenibosna sigorta kutusu patladı,elektrik_enerji,1,incident_report,1,P1,0,cok_kisa,relabel:openrouter
Bakırköy yedek enerji devreye girmedi,elektrik_enerji,1,fault_report,0,P2,1,cok_kisa,relabel:openrouter
Bostancı peron acil ışıkları sönük,elektrik_enerji,1,fault_report,0,P2,1,cok_kisa,relabel:openrouter
Maltepe gişe katı aydınlatması yok,elektrik_enerji,1,fault_report,0,P3,2,cok_kisa,relabel:openrouter
Tavşantepe katener sarmal hasarı,elektrik_enerji,1,fault_report,0,P1,0,cok_kisa,relabel:openrouter
Üçüncü ray izolatörü kırık,elektrik_enerji,1,fault_report,0,P1,0,cok_kisa,relabel:openrouter
Enerji kesintisi peron 2,elektrik_enerji,1,fault_report,0,P2,1,cok_kisa,relabel:openrouter
UPS alarmı çalıyor,elektrik_enerji,1,fault_report,0,P3,2,cok_kisa,relabel:openrouter
Jeneratör test başarısız,elektrik_enerji,1,fault_report,0,P3,2,cok_kisa,relabel:openrouter
Katener sökücü takıntı,elektrik_enerji,1,fault_report,0,P1,0,cok_kisa,relabel:openrouter
Peron ışık sensörü bozuk,elektrik_enerji,1,fault_report,0,P3,2,cok_kisa,relabel:openrouter
Ana enerji kesildi,elektrik_enerji,1,fault_report,0,P1,0,cok_kisa,relabel:openrouter
Yedek akım panosu arızalı,elektrik_enerji,1,fault_report,0,P2,1,cok_kisa,relabel:openrouter
Trafoya gövde koruması çalıştı,elektrik_enerji,1,fault_report,0,P1,0,cok_kisa,relabel:openrouter
Katener hatsızlık alarmı,elektrik_enerji,1,fault_report,0,P1,0,cok_kisa,relabel:openrouter
Üçüncü ray arka bileşen arızalı,elektrik_enerji,1,fault_report,0,P3,2,cok_kisa,relabel:openrouter
Peron ışığı tamamen kapalı,elektrik_enerji,1,fault_report,0,P2,1,cok_kisa,relabel:openrouter
Jeneratör şarj regulatörü bozuk,elektrik_enerji,1,fault_report,0,P3,2,cok_kisa,relabel:openrouter
UPS bypas modunda,elektrik_enerji,1,fault_report,0,P2,1,cok_kisa,relabel:openrouter
Katener gerilimi 0 volt,elektrik_enerji,1,fault_report,0,P1,0,cok_kisa,relabel:openrouter
Trafoya diferansiyel koruma çalıştı,elektrik_enerji,1,fault_report,0,P1,0,cok_kisa,relabel:openrouter
Enerji kablosu kesti,elektrik_enerji,1,fault_report,0,P1,0,cok_kisa,relabel:openrouter
Giriş peron aydınlatması zayıf,elektrik_enerji,1,fault_report,0,P4,3,cok_kisa,relabel:openrouter
Levent UPS alarm veriyor,elektrik_enerji,1,fault_report,0,P3,2,cok_kisa,relabel:openrouter
Kadıköy üçüncü ray ısıtıcı arızalı,elektrik_enerji,1,fault_report,0,P3,2,cok_kisa,relabel:openrouter
Kartal elektrik panosu sigortası atıldı,elektrik_enerji,1,fault_report,0,P3,2,cok_kisa,relabel:openrouter
Maltepe gişe önü aydınlatması yanmıyor,elektrik_enerji,1,fault_report,0,P3,2,cok_kisa,relabel:openrouter
Bakırköy trafo yüklenme yüksek,elektrik_enerji,1,fault_report,0,P2,1,cok_kisa,relabel:openrouter
Otogar alt kat kablo yandı,elektrik_enerji,1,incident_report,1,P1,0,cok_kisa,relabel:openrouter
Topkapı kuzey çıkış aydınlatması zayıf,elektrik_enerji,1,fault_report,0,P4,3,cok_kisa,relabel:openrouter
Bağcılar yedek enerji test başarısız,elektrik_enerji,1,fault_report,0,P3,2,cok_kisa,relabel:openrouter
Vezneciler sigorta kutusu çürümüş,elektrik_enerji,1,fault_report,0,P3,2,cok_kisa,relabel:openrouter
Kadıköy katener sökücü takıldı,elektrik_enerji,1,fault_report,0,P1,0,cok_kisa,relabel:openrouter
Kartal UPS bataryası değiştirildi,elektrik_enerji,1,fault_report,0,P4,3,cok_kisa,relabel:openrouter
Maltepe trafo yağ seviyesi düşük,elektrik_enerji,1,fault_report,0,P2,1,cok_kisa,relabel:openrouter
Kadıköy BSO-02 otomatında banknot iade hatası veriyor.,elektronik_sistemler,4,fault_report,0,P3,2,standart,relabel:openrouter
Taksim peron PID ekranlarında sefer saati donduruldu.,yolcu_hizmetleri,8,fault_report,0,P3,2,standart,relabel:openrouter
"Gayrettepe İstanbulkart okuyucularında bakiye okunmuyor, hata kodu 500.",elektronik_sistemler,4,fault_report,0,P2,1,standart,relabel:openrouter
"Merkez SCADA sunucusu yanıt vermiyor, istasyon verisi gelmiyor.",sinyalizasyon_haberlesme,3,fault_report,0,P1,0,standart,relabel:openrouter
Kirazlı gişe önü bilet otomatı kredi kartı reddediyor.,elektronik_sistemler,4,fault_report,0,P3,2,standart,relabel:openrouter
Mecidiyeköy koridor PID sistemde yenileme hatası veriyor.,sinyalizasyon_haberlesme,3,fault_report,0,P3,2,standart,relabel:openrouter
"Üsküdar BSO cihazında İstanbulkart okuyucu kilitlendi, servis gerekli.",elektronik_sistemler,4,fault_report,0,P3,2,standart,relabel:openrouter
Yenikapı aktarma geçitlerde tornelit açılma komutunu almadığı bildirildi.,elektronik_sistemler,4,fault_report,0,P2,1,standart,relabel:openrouter
"Otogar BSO hopper boş hatası veriyor, dolu olduğu halde.",elektronik_sistemler,4,fault_report,0,P3,2,standart,relabel:openrouter
"Levent peron PID ekranları boş, veri akışı yok.",sinyalizasyon_haberlesme,3,fault_report,0,P3,2,standart,relabel:openrouter
4. Levent İstanbulkart okuyucu güncelleme sonrası tepki vermiyor.,elektronik_sistemler,4,fault_report,0,P3,2,standart,relabel:openrouter
Aksaray merkezi biletleme sunucusu zaman aşımı hatası veriyor.,elektronik_sistemler,4,fault_report,0,P2,1,standart,relabel:openrouter
"Hacıosman BSO-01 ekranında ""İşlem yapılamıyor"" mesajı sabit kaldı.",elektronik_sistemler,4,fault_report,0,P3,2,standart,relabel:openrouter
Kartal depo SCADA arayüzünde sinyalizasyon verileri donup kaldı.,sinyalizasyon_haberlesme,3,fault_report,0,P2,1,standart,relabel:openrouter
Tavşantepe gişe bilet programı veritabanı bağlantı hatası veriyor.,elektronik_sistemler,4,fault_report,0,P3,2,standart,relabel:openrouter
Atatürk Oto Sanayi BSO cihazı banknot çekip iade etmiyor.,elektronik_sistemler,4,fault_report,0,P3,2,standart,relabel:openrouter
"Sanayi Mahallesi peron PID ekranları İngilizce dilde kaldı, değişmiyor.",yolcu_hizmetleri,8,fault_report,0,P3,2,standart,relabel:openrouter
İTÜ-Ayazağa bilet otomatı parayla ödeme modunda donuyor.,elektronik_sistemler,4,fault_report,0,P3,2,standart,relabel:openrouter
"Maslak koridor İstanbulkart okuyucu ""Kart geçersiz"" hatası veriyor sürekli.",elektronik_sistemler,4,fault_report,0,P3,2,standart,relabel:openrouter
"Dortyol BSO-03 tuş takımını algılamıyor, işlem yapmıyor.",elektronik_sistemler,4,fault_report,0,P3,2,standart,relabel:openrouter
"Vezneciler geçiş torneleri merkezi sistemden ""Kilitli"" modunda kaldı.",elektronik_sistemler,4,fault_report,0,P2,1,standart,relabel:openrouter
Haliç istasyonu PID sunucusu yeniden başlatma sonrası verisi gelmedi.,sinyalizasyon_haberlesme,3,fault_report,0,P2,1,standart,relabel:openrouter
"Osmanbey bilet satış noktası ağ bağlantısı kesik, işlem yapmıyor.",elektronik_sistemler,4,fault_report,0,P3,2,standart,relabel:openrouter
Şişhane BSO cihazında parçalı para üstü ödeme hatası oluştu.,elektronik_sistemler,4,fault_report,0,P3,2,standart,relabel:openrouter
Seyrantepe peron bilgilendirme ekranları son sefer saatini gösteriyor.,yolcu_hizmetleri,8,fault_report,0,P3,2,standart,relabel:openrouter
Göztepe gişe otomatı NFC modülü sürücü hatası veriyor.,elektronik_sistemler,4,fault_report,0,P3,2,standart,relabel:openrouter
"Kozyatağı İstanbulkart okuyucu sesli uyarı vermiyor, sadece hata kodu.",elektronik_sistemler,4,fault_report,0,P3,2,standart,relabel:openrouter
"Bostancı BSO-04 ekranında ""Bakım modu"" yazıyor, çıkmıyor.",elektronik_sistemler,4,fault_report,0,P3,2,standart,relabel:openrouter
Maltepe merkezi sistemde bilet tarife tablosu güncellenmediği bildirildi.,elektronik_sistemler,4,fault_report,0,P2,1,standart,relabel:openrouter
"Dudullu depo SCADA istasyonu PLC verisi okumuyor, zaman aşımı.",sinyalizasyon_haberlesme,3,fault_report,0,P2,1,standart,relabel:openrouter
İMES bilet otomatı reçete basma komutuna yanıt vermiyor.,elektronik_sistemler,4,fault_report,0,P3,2,standart,relabel:openrouter
"Parseller peron PID ekranı ""Veri yok"" ibaresi sabit duruyor.",sinyalizasyon_haberlesme,3,fault_report,0,P3,2,standart,relabel:openrouter
Mahmutbey aktarma katı PID sistemde dil seçeneği değişmiyor.,sinyalizasyon_haberlesme,3,fault_report,0,P3,2,standart,relabel:openrouter
Başakşehir Mérkez BSO cihazı yeni banknot serisini tanımıyor.,elektronik_sistemler,4,fault_report,0,P3,2,standart,relabel:openrouter
"İkitelli Sanayi geçiş torneleri açılma gecikmesi yaşıyor, kontrol ediliyor.",mekanik_istasyon,0,fault_report,0,P3,2,standart,relabel:openrouter
Ziya Gökalp BSO iade modülü kapak açma komutu vermiyor.,elektronik_sistemler,4,fault_report,0,P3,2,standart,relabel:openrouter
"Olimpiyat PID ekranları sefer yönü ters gösteriyor, veri hatası.",yolcu_hizmetleri,8,fault_report,0,P3,2,standart,relabel:openrouter
"Yenibosna İstanbulkart okuyucu ""Sınırsız geçiş"" kartını tanımıyor, hata veriyor.",elektronik_sistemler,4,fault_report,0,P3,2,standart,relabel:openrouter
Ataköy merkezi biletleme veritabanı yedek alma hatası logarlandı.,elektronik_sistemler,4,fault_report,0,P4,3,standart,relabel:openrouter
Yamanevler BSO-05 otomatı iade çekmekte hata kodu 101 veriyor.,elektronik_sistemler,4,fault_report,0,P3,2,standart,relabel:openrouter
Mecidiyeköy 2. peron PID ekranında sefer saati yanlış görüntüleniyor.,yolcu_hizmetleri,8,fault_report,0,P4,3,standart,relabel:openrouter
"Kartal kuzey giriş BSO-07 otomatı banknot çekmiyor, hata veriyor.",elektronik_sistemler,4,fault_report,0,P3,2,standart,relabel:openrouter
"Şirinevler 1. peron İstanbulkart okuyucusu kart tanımıyor, geçiş açmıyor.",elektronik_sistemler,4,fault_report,0,P3,2,standart,relabel:openrouter
"Şişli üst kat bilet otomatında iade işlemi tamamlanmıyor, para dönmüyor.",elektronik_sistemler,4,fault_report,0,P3,2,standart,relabel:openrouter
"Kadıköy BSO-03 cihazında ekran dondu, tuşlara tepki vermiyor.",elektronik_sistemler,4,fault_report,0,P3,2,standart,relabel:openrouter
"Üsküdar peron PID sunucusu yanıt vermiyor, boş ekran kalıyor.",sinyalizasyon_haberlesme,3,fault_report,0,P2,1,standart,relabel:openrouter
"Yenikapı aktarma İstanbulkart okuyucusunda bakiye yazmıyor, sıfır gösteriyor.",elektronik_sistemler,4,fault_report,0,P3,2,standart,relabel:openrouter
"Aksaray BSO otomatı iade hopperı boş uyarısı veriyor, dolu iken.",elektronik_sistemler,4,fault_report,0,P3,2,standart,relabel:openrouter
"Topkapı SCADA arayüzünde sinyalizasyon verileri güncellenmiyor, donmuş durumda.",sinyalizasyon_haberlesme,3,fault_report,0,P2,1,standart,relabel:openrouter
Bağcılar peron PID ekranlarında yön bilgisi yanlış yön gösteriyor.,yolcu_hizmetleri,8,fault_report,0,P4,3,standart,relabel:openrouter
Merkezden sefer iptal komutu iletilmedi,sinyalizasyon_haberlesme,3,fault_report,0,P2,1,devrik,relabel:openrouter
Yazılım izleme servisi yeniden başladı sistem aydınlandı,sinyalizasyon_haberlesme,3,fault_report,0,P3,2,devrik,relabel:openrouter
BSO-05 banknot tanımıyor hata kodu 12,elektronik_sistemler,4,fault_report,0,P3,2,devrik,relabel:openrouter
PID merkeziye bağlanmıyor veri akışı kesik,sinyalizasyon_haberlesme,3,fault_report,0,P2,1,devrik,relabel:openrouter
Turnike İstanbulkart okumuyor ses çıkıyor,elektronik_sistemler,4,fault_report,0,P3,2,devrik,relabel:openrouter
Mobil uygulama hata veriyor QR geçersiz,elektronik_sistemler,4,fault_report,0,P3,2,devrik,relabel:openrouter
SCADA alarm paneli dondu yanıt yok,sinyalizasyon_haberlesme,3,fault_report,0,P2,1,devrik,relabel:openrouter
Yolcu sayım sensörü veri göndermiyor,sinyalizasyon_haberlesme,3,fault_report,0,P3,2,devrik,relabel:openrouter
Giğe programı kilitlendi veritabanı bağlantısı yok,sinyalizasyon_haberlesme,3,fault_report,0,P2,1,devrik,relabel:openrouter
Peron ekranı boş gösteriyor zaman doldu,sinyalizasyon_haberlesme,3,fault_report,0,P3,2,devrik,relabel:openrouter
atakoy bso 3 kart okumuyo hata 12,elektronik_sistemler,4,fault_report,0,P3,2,yazim_yanlisi,relabel:openrouter
gayretepe turnike okuyucu dondu yolcu gecemiyor,elektronik_sistemler,4,fault_report,0,P3,2,yazim_yanlisi,relabel:openrouter
levent pid ekranlari sefer saati guncelenmiyor,sinyalizasyon_haberlesme,3,fault_report,0,P2,1,yazim_yanlisi,relabel:openrouter
uzuncayir scada baglantisi kopmus veri gelmiyor merkez,sinyalizasyon_haberlesme,3,fault_report,0,P2,1,yazim_yanlisi,relabel:openrouter
uskudar bilet otomat banknot yutmuyor iade etmiyor,elektronik_sistemler,4,fault_report,0,P3,2,yazim_yanlisi,relabel:openrouter
sisli mecidiyekoy mobil uygulama bilet alima kapali,elektronik_sistemler,4,fault_report,0,P3,2,yazim_yanlisi,relabel:openrouter
kadikoy peron pid dondu onceki sefer kalmis,sinyalizasyon_haberlesme,3,fault_report,0,P2,1,yazim_yanlisi,relabel:openrouter
kartal bso 1 ekran siyah cursor titriyor,elektronik_sistemler,4,fault_report,0,P3,2,yazim_yanlisi,relabel:openrouter
yenikapi turnike bolgesi okuyucu ses cikarmiyor,elektronik_sistemler,4,fault_report,0,P3,2,yazim_yanlisi,relabel:openrouter
haciosman sunucu baglantisi zaman asimi hata 504,sinyalizasyon_haberlesme,3,fault_report,0,P2,1,yazim_yanlisi,relabel:openrouter
taksim bilet holu kiosk dokunmatik calismiyo,elektronik_sistemler,4,fault_report,0,P3,2,yazim_yanlisi,relabel:openrouter
4 levent istasyonkart yazilimi guncelleme sonrasi hata,elektronik_sistemler,4,fault_report,0,P2,1,yazim_yanlisi,relabel:openrouter
bogazici uni pid reklam dondu sefer yok,sinyalizasyon_haberlesme,3,fault_report,0,P2,1,yazim_yanlisi,relabel:openrouter
atasehir bso 2 kredi karti islem reddediyo,elektronik_sistemler,4,fault_report,0,P3,2,yazim_yanlisi,relabel:openrouter
kozyatagi turnike kapisi acilmiyor kart gecerli,mekanik_istasyon,0,fault_report,0,P3,2,yazim_yanlisi,relabel:openrouter
bostanci scada arayuzu donmus alarm gelmiyor,sinyalizasyon_haberlesme,3,fault_report,0,P2,1,yazim_yanlisi,relabel:openrouter
dudullu veritabani kilitli bilet satisi durdu,elektronik_sistemler,4,fault_report,0,P2,1,yazim_yanlisi,relabel:openrouter
imam hatip mobil qr kod uretmiyor hata,elektronik_sistemler,4,fault_report,0,P3,2,yazim_yanlisi,relabel:openrouter
atakoy personel kapisi okuyucu tanimlamiyor kart,elektronik_sistemler,4,fault_report,0,P3,2,yazim_yanlisi,relabel:openrouter
gayrettepe bso 4 fis basmiyor kagit bitmis,elektronik_sistemler,4,fault_report,0,P3,2,yazim_yanlisi,relabel:openrouter
levent pid yonlendirme yanlis istasyon gosteriyor,yolcu_hizmetleri,8,fault_report,0,P3,2,yazim_yanlisi,relabel:openrouter
uzuncayir ag kesintisi otomatlar cevrimdisi kaldi,sinyalizasyon_haberlesme,3,fault_report,0,P2,1,yazim_yanlisi,relabel:openrouter
uskudar turnike 5 gecis onaylamiyor bekletiyor,elektronik_sistemler,4,fault_report,0,P3,2,yazim_yanlisi,relabel:openrouter
sisli mecidiyekoy bso parayi aldi bilet vermedi,elektronik_sistemler,4,fault_report,0,P3,2,yazim_yanlisi,relabel:openrouter
kadikoy scada sunucusu ping atmiyor ulasilmiyor,sinyalizasyon_haberlesme,3,fault_report,0,P2,1,yazim_yanlisi,relabel:openrouter
kartal pid ekranlari sifirlandi saat yanlis,sinyalizasyon_haberlesme,3,fault_report,0,P3,2,yazim_yanlisi,relabel:openrouter
yenikapi bilet otomat dili degistirince donuyor,elektronik_sistemler,4,fault_report,0,P3,2,yazim_yanlisi,relabel:openrouter
haciosman turnike bolge kontrol yazilimi hata veriyor,elektronik_sistemler,4,fault_report,0,P2,1,yazim_yanlisi,relabel:openrouter
taksim kiosk harita yuklenmiyor beyaz ekran,elektronik_sistemler,4,fault_report,0,P3,2,yazim_yanlisi,relabel:openrouter
4 levent istasyonkart bakiye yukleme basarisiz hata,elektronik_sistemler,4,fault_report,0,P3,2,yazim_yanlisi,relabel:openrouter
bogazici uni bso 1 hoparlor sesi yok,elektronik_sistemler,4,fault_report,0,P3,2,yazim_yanlisi,relabel:openrouter
atasehir turnike gecis loglari gelmiyor merkeze,elektronik_sistemler,4,fault_report,0,P3,2,yazim_yanlisi,relabel:openrouter
kozyatagi pid sefer iptal mesaji gorunmuyor,sinyalizasyon_haberlesme,3,fault_report,0,P3,2,yazim_yanlisi,relabel:openrouter
bostanci mobil uygulama giris yapmiyor donuyor,elektronik_sistemler,4,fault_report,0,P3,2,yazim_yanlisi,relabel:openrouter
dudullu scada istasyon verisi guncellenmiyor eski,sinyalizasyon_haberlesme,3,fault_report,0,P3,2,yazim_yanlisi,relabel:openrouter
imam hatip bso iade butonu islevsiz calismiyor,elektronik_sistemler,4,fault_report,0,P3,2,yazim_yanlisi,relabel:openrouter
goztepe peron pid reklam modunda takildi kaldi,sinyalizasyon_haberlesme,3,fault_report,0,P3,2,yazim_yanlisi,relabel:openrouter
kagithane turnike acil durum butonu yazilim hatasi,elektronik_sistemler,4,fault_report,0,P2,1,yazim_yanlisi,relabel:openrouter
maltepe bilet holu sunucu baglantisi yok yaziyor,elektronik_sistemler,4,fault_report,0,P3,2,yazim_yanlisi,relabel:openrouter
ikitelli istasyonkart okuyucu yazilim versiyon eski,elektronik_sistemler,4,fault_report,0,P3,2,yazim_yanlisi,relabel:openrouter
kirazli bso 2 kartin takili kaliyo hata 500,elektronik_sistemler,4,fault_report,0,P3,2,yazim_yanlisi,relabel:openrouter
levent pid ekranlari dondu saat gostermiyor,sinyalizasyon_haberlesme,3,fault_report,0,P2,1,yazim_yanlisi,relabel:openrouter
kadikoy turnike 5 okumuyo kart gecerli yaziyo,elektronik_sistemler,4,fault_report,0,P3,2,yazim_yanlisi,relabel:openrouter
esenler scada baglantisi kopmus alarm listesi bos,sinyalizasyon_haberlesme,3,fault_report,0,P2,1,yazim_yanlisi,relabel:openrouter
4 levent bilet otomati fis basmiyo kagit yok,elektronik_sistemler,4,fault_report,0,P3,2,yazim_yanlisi,relabel:openrouter
kirazi gişe onü bso dokunmatik tepki vermiyo,elektronik_sistemler,4,fault_report,0,P3,2,yazim_yanlisi,relabel:openrouter
levent asansor onü pid sefer saati yanlis,yolcu_hizmetleri,8,fault_report,0,P3,2,yazim_yanlisi,relabel:openrouter
kadikoy bilet holu kiosk dil secimi donuyo,elektronik_sistemler,4,fault_report,0,P3,2,yazim_yanlisi,relabel:openrouter
esenler turnike bolgesi kart okuyucu hata 101,elektronik_sistemler,4,fault_report,0,P3,2,yazim_yanlisi,relabel:openrouter
merkez sunucu baglantisi yavas veri gecikmeli,sinyalizasyon_haberlesme,3,fault_report,0,P2,1,yazim_yanlisi,relabel:openrouter
BSO-05 kart okumuyor,elektronik_sistemler,4,fault_report,0,P3,2,cok_kisa,relabel:openrouter
Turnike 12 geçiş vermiyor,mekanik_istasyon,0,fault_report,0,P3,2,cok_kisa,relabel:openrouter
PID ekranı dondu,sinyalizasyon_haberlesme,3,fault_report,0,P3,2,cok_kisa,relabel:openrouter
Sunucu bağlantısı kesildi,sinyalizasyon_haberlesme,3,fault_report,0,P2,1,cok_kisa,relabel:openrouter
Ağ zaman aşımı hatası,sinyalizasyon_haberlesme,3,fault_report,0,P3,2,cok_kisa,relabel:openrouter
Bilet otomatı hata kodu,elektronik_sistemler,4,fault_report,0,P3,2,cok_kisa,relabel:openrouter
İstanbulkart okuyucu hatası,elektronik_sistemler,4,fault_report,0,P3,2,cok_kisa,relabel:openrouter
SCADA arayüzü yanıt vermiyor,sinyalizasyon_haberlesme,3,fault_report,0,P2,1,cok_kisa,relabel:openrouter
Veritabanı senkronizasyon sorunu,sinyalizasyon_haberlesme,3,fault_report,0,P2,1,cok_kisa,relabel:openrouter
Mobil uygulamada bilet görünmüyor,elektronik_sistemler,4,fault_report,0,P3,2,cok_kisa,relabel:openrouter
BSO-03 nakit iade etmiyor,elektronik_sistemler,4,fault_report,0,P3,2,cok_kisa,relabel:openrouter
Turnike 7 kart hatası,elektronik_sistemler,4,fault_report,0,P3,2,cok_kisa,relabel:openrouter
Peron PID'si boş,sinyalizasyon_haberlesme,3,fault_report,0,P3,2,cok_kisa,relabel:openrouter
Merkez sunucu erişilemiyor,sinyalizasyon_haberlesme,3,fault_report,0,P2,1,cok_kisa,relabel:openrouter
Bilet işlemi yavaşladı,elektronik_sistemler,4,fault_report,0,P3,2,cok_kisa,relabel:openrouter
Kapı kontrol donması,sinyalizasyon_haberlesme,3,fault_report,0,P2,1,cok_kisa,relabel:openrouter
BSO-01 ekran karardı,elektronik_sistemler,4,fault_report,0,P3,2,cok_kisa,relabel:openrouter
Turnike 3 geçiş saymıyor,elektronik_sistemler,4,fault_report,0,P3,2,cok_kisa,relabel:openrouter
Ağ paket kaybı yaşanıyor,sinyalizasyon_haberlesme,3,fault_report,0,P3,2,cok_kisa,relabel:openrouter
SCADA veri akışı durdu,sinyalizasyon_haberlesme,3,fault_report,0,P2,1,cok_kisa,relabel:openrouter
Yürüyen merdiven durdu Hacıosman çıkış,mekanik_istasyon,0,fault_report,0,P3,2,devrik,relabel:openrouter
Asansör kapısı takıldı Vezneciler B1,mekanik_istasyon,0,fault_report,0,P3,2,devrik,relabel:openrouter
Turnike kolu kırıldı Ataköy bilet holü,mekanik_istasyon,0,fault_report,0,P3,2,devrik,relabel:openrouter
PSD kapı kilitlenmiyor Şişhane peron,sinyalizasyon_haberlesme,3,fault_report,0,P2,1,devrik,relabel:openrouter
Otomatik kapı açılmıyor Levent kuzey giriş,mekanik_istasyon,0,fault_report,0,P3,2,devrik,relabel:openrouter
Yürüyen merdiven titrıyor Gayrettepe 2 numara,mekanik_istasyon,0,fault_report,0,P3,2,devrik,relabel:openrouter
Asansör seviye farkı yapıyor Üsküdar B2,mekanik_istasyon,0,fault_report,0,P3,2,devrik,relabel:openrouter
Turnike gövdesi çatlak Kadıköy giriş kat,mekanik_istasyon,0,fault_report,0,P3,2,devrik,relabel:openrouter
Peron kapısı yarı açık kaldı Bostancı,sinyalizasyon_haberlesme,3,fault_report,0,P2,1,devrik,relabel:openrouter
Bariyer kolu çöküverdi Mahmutbey çıkış,mekanik_istasyon,0,fault_report,0,P3,2,devrik,relabel:openrouter
Merdiven emniyet freni çekti Kartal,mekanik_istasyon,0,fault_report,0,P3,2,devrik,relabel:openrouter
Asansör kapısı kapanmıyor Pendik,mekanik_istasyon,0,fault_report,0,P3,2,devrik,relabel:openrouter
YM-04 merdiven aniden durdu Olimpiyat,mekanik_istasyon,0,fault_report,0,P3,2,devrik,relabel:openrouter
PSD-12 kilidi takıldı Göztepe,sinyalizasyon_haberlesme,3,fault_report,0,P2,1,devrik,relabel:openrouter
Turnike dönmüyor Kozyatağı 3 numaralı,mekanik_istasyon,0,fault_report,0,P3,2,devrik,relabel:openrouter
Otomatik kapı rayından çıktı Ataşehir,mekanik_istasyon,0,fault_report,0,P3,2,devrik,relabel:openrouter
Yürüyen merdiven ses çıkarıyor Ümraniye,mekanik_istasyon,0,fault_report,0,P3,2,devrik,relabel:openrouter
Asansör durdu katlar arası Çekmeköy,mekanik_istasyon,0,fault_report,0,P1,0,devrik,relabel:openrouter
Kapı kontaşı kırıldı Sultanbeyli giriş,mekanik_istasyon,0,fault_report,0,P3,2,devrik,relabel:openrouter
Turnike kapağı takılı Yenikapı Marmaray aktarma,mekanik_istasyon,0,fault_report,0,P3,2,devrik,relabel:openrouter
Merdiven paleti söküldü Vezneciler tünel ağzı,mekanik_istasyon,0,fault_report,0,P3,2,devrik,relabel:openrouter
Asansör butonu takıldı Şişhane,mekanik_istasyon,0,fault_report,0,P3,2,devrik,relabel:openrouter
PSD kapı parça döküldü Ataköy peron,sinyalizasyon_haberlesme,3,fault_report,0,P2,1,devrik,relabel:openrouter
Yürüyen merdiven yön değiştirmiyor Hacıosman,mekanik_istasyon,0,fault_report,0,P3,2,devrik,relabel:openrouter
Bariyer kırık personel kapısı Levent,mekanik_istasyon,0,fault_report,0,P3,2,devrik,relabel:openrouter
Turnike kolu sıkıştı Gayrettepe yoğun saat,mekanik_istasyon,0,fault_report,0,P3,2,devrik,relabel:openrouter
Otomatik kapı takıldı Kadıköy,mekanik_istasyon,0,fault_report,0,P3,2,devrik,relabel:openrouter
Asansör freni tutmuyor Bostancı acil,mekanik_istasyon,0,fault_report,0,P1,0,devrik,relabel:openrouter
Merdiven zinciri koptu Mahmutbey,mekanik_istasyon,0,fault_report,0,P3,2,devrik,relabel:openrouter
Peron kapısı gecikmeyle açılıyor Göztepe,sinyalizasyon_haberlesme,3,fault_report,0,P2,1,devrik,relabel:openrouter
Turnike mekanizması kilitlendi Kozyatağı,mekanik_istasyon,0,fault_report,0,P3,2,devrik,relabel:openrouter
Yürüyen merdiven yavaşladı Ataşehir 1 no,mekanik_istasyon,0,fault_report,0,P3,2,devrik,relabel:openrouter
Asansör kapı mandalı kırıldı Ümraniye,mekanik_istasyon,0,fault_report,0,P3,2,devrik,relabel:openrouter
PSD kilit pini takıldı Çekmeköy,sinyalizasyon_haberlesme,3,fault_report,0,P2,1,devrik,relabel:openrouter
Kapı lastiği soyuldu Sultanbeyli giriş,mekanik_istasyon,0,fault_report,0,P4,3,devrik,relabel:openrouter
Merdiven el kolları sallanıyor Pendik,mekanik_istasyon,0,fault_report,0,P3,2,devrik,relabel:openrouter
Turnike geçiş yapmıyor Yenikapı M1 peron,mekanik_istasyon,0,fault_report,0,P3,2,devrik,relabel:openrouter
Asansör kulakçık sesi çıkarıyor Aksaray,mekanik_istasyon,0,fault_report,0,P3,2,devrik,relabel:openrouter
Bariyer hidrolik yağ basıyor Topkapı,mekanik_istasyon,0,fault_report,0,P3,2,devrik,relabel:openrouter
Otomatik kapı motoru ısındı Bahçelievler,mekanik_istasyon,0,fault_report,0,P3,2,devrik,relabel:openrouter
Yürüyen merdiven durdu Şişli üst kat,mekanik_istasyon,0,fault_report,0,P3,2,devrik,relabel:openrouter
Asansör kapısı takıldı Şirinevler peron,mekanik_istasyon,0,fault_report,0,P3,2,devrik,relabel:openrouter
PSD kilitlemiyor Bostancı güney çıkış,sinyalizasyon_haberlesme,3,fault_report,0,P1,0,devrik,relabel:openrouter
Otomatik kapı takıldı Şişli tünel ağzı,mekanik_istasyon,0,fault_report,0,P3,2,devrik,relabel:openrouter
Yürüyen merdiven sesli çalışıyor Şirinevler,mekanik_istasyon,0,fault_report,0,P3,2,devrik,relabel:openrouter
Bariyer kolu çökeldi Ataköy çıkış kat,mekanik_istasyon,0,fault_report,0,P3,2,devrik,relabel:openrouter
Turnike gövdesi çatlak Bostancı bilet 홓,mekanik_istasyon,0,fault_report,0,P3,2,devrik,relabel:openrouter
Asansör seviye farkı veriyor Şişli alt kat,mekanik_istasyon,0,fault_report,0,P3,2,devrik,relabel:openrouter
Peron kapısı yavaş kapanıyor Şirinevler 2 no,sinyalizasyon_haberlesme,3,fault_report,0,P2,1,devrik,relabel:openrouter
Merdiven paleti söküldü Ataköy geçiş koridoru,altyapi_insaat,10,fault_report,0,P3,2,devrik,relabel:openrouter
asansor calismiyo kartal istasyon,mekanik_istasyon,0,fault_report,0,P3,2,yazim_yanlisi,relabel:openrouter
ym 04 dondu yenisahra peron uzu,mekanik_istasyon,0,fault_report,0,P3,2,yazim_yanlisi,relabel:openrouter
peron kapisi acilmiyor levent hat,sinyalizasyon_haberlesme,3,fault_report,0,P2,1,yazim_yanlisi,relabel:openrouter
turnike kolu donmuyo giris kat,mekanik_istasyon,0,fault_report,0,P3,2,yazim_yanlisi,relabel:openrouter
asansor 2 numara hata verdi sisli,mekanik_istasyon,0,fault_report,0,P3,2,yazim_yanlisi,relabel:openrouter
yuruyen merdiven titriyo yenikapi alt,mekanik_istasyon,0,fault_report,0,P3,2,yazim_yanlisi,relabel:openrouter
psd kapisi kilitlenmiyo mecidiyekoy,sinyalizasyon_haberlesme,3,fault_report,0,P1,0,yazim_yanlisi,relabel:openrouter
oto kapi takildi gayrettepe cikis,mekanik_istasyon,0,fault_report,0,P3,2,yazim_yanlisi,relabel:openrouter
bariyer kapanmiyo kadikoy giris,mekanik_istasyon,0,fault_report,0,P3,2,yazim_yanlisi,relabel:openrouter
asansor kapisi acilmiyo taksim ust,mekanik_istasyon,0,fault_report,0,P3,2,yazim_yanlisi,relabel:openrouter
ym 01 motor sesi cikar osmanbey,mekanik_istasyon,0,fault_report,0,P3,2,yazim_yanlisi,relabel:openrouter
peron kapisi yavas aciliyo dort levent,sinyalizasyon_haberlesme,3,fault_report,0,P2,1,yazim_yanlisi,relabel:openrouter
turnike govesi hasarli atasehir ist,mekanik_istasyon,0,fault_report,0,P3,2,yazim_yanlisi,relabel:openrouter
asansor durdu dudullu servis basi,mekanik_istasyon,0,fault_report,0,P3,2,yazim_yanlisi,relabel:openrouter
yuruyen merdiven ani durdu bostanci,mekanik_istasyon,0,fault_report,0,P1,0,yazim_yanlisi,relabel:openrouter
psd 03 hata kodu veriyo maltepe,sinyalizasyon_haberlesme,3,fault_report,0,P2,1,yazim_yanlisi,relabel:openrouter
oto kapi sensor calismiyo pendik ist,mekanik_istasyon,0,fault_report,0,P3,2,yazim_yanlisi,relabel:openrouter
bariyer kolu kirdi tavsantepe giris,mekanik_istasyon,0,fault_report,0,P3,2,yazim_yanlisi,relabel:openrouter
asansor alarm caldi fevzi cakmak,mekanik_istasyon,0,fault_report,0,P3,2,yazim_yanlisi,relabel:openrouter
ym 06 fren basilmadi sirinevler,mekanik_istasyon,0,fault_report,0,P1,0,yazim_yanlisi,relabel:openrouter
peron kapisi parmak kikirdi zeytinburnu,sinyalizasyon_haberlesme,3,fault_report,0,P1,0,yazim_yanlisi,relabel:openrouter
turnike kapak takildi vezneciler cikis,mekanik_istasyon,0,fault_report,0,P3,2,yazim_yanlisi,relabel:openrouter
asansor kata asagi inmiyo sishane,mekanik_istasyon,0,fault_report,0,P3,2,yazim_yanlisi,relabel:openrouter
yuruyen merdiven adimlari oynuyo gayrettepe,mekanik_istasyon,0,fault_report,0,P1,0,yazim_yanlisi,relabel:openrouter
psd kapi yarim acildi kadikoy peron,sinyalizasyon_haberlesme,3,fault_report,0,P1,0,yazim_yanlisi,relabel:openrouter
oto kapi kapanirken takiliyo mecidiyekoy,mekanik_istasyon,0,fault_report,0,P3,2,yazim_yanlisi,relabel:openrouter
bariyer dondu haciosman giris kat,mekanik_istasyon,0,fault_report,0,P3,2,yazim_yanlisi,relabel:openrouter
asansor kabin kapi takildi taksim,mekanik_istasyon,0,fault_report,0,P3,2,yazim_yanlisi,relabel:openrouter
ym 02 yavas calisiyo osmanbey,mekanik_istasyon,0,fault_report,0,P3,2,yazim_yanlisi,relabel:openrouter
peron kapisi acilma gecikiyo dort levent,sinyalizasyon_haberlesme,3,fault_report,0,P2,1,yazim_yanlisi,relabel:openrouter
turnike kolu geri donmuyo atasehir,mekanik_istasyon,0,fault_report,0,P3,2,yazim_yanlisi,relabel:openrouter
asansor butonlari calismiyo dudullu alt,mekanik_istasyon,0,fault_report,0,P3,2,yazim_yanlisi,relabel:openrouter
yuruyen merdiven yandan cikti bostanci,mekanik_istasyon,0,fault_report,0,P3,2,yazim_yanlisi,relabel:openrouter
psd 05 kilit hata veriyo maltepe,sinyalizasyon_haberlesme,3,fault_report,0,P2,1,yazim_yanlisi,relabel:openrouter
oto kapi motoru isindi pendik ist,mekanik_istasyon,0,fault_report,0,P3,2,yazim_yanlisi,relabel:openrouter
bariyer mekanizma dondu tavsantepe giris,mekanik_istasyon,0,fault_report,0,P3,2,yazim_yanlisi,relabel:openrouter
asansor seviye farki var fevzi cakmak,mekanik_istasyon,0,fault_report,0,P3,2,yazim_yanlisi,relabel:openrouter
ym 03 durma komutu almiyo yenisehir,mekanik_istasyon,0,fault_report,0,P3,2,yazim_yanlisi,relabel:openrouter
peron kapisi kapanma gecikiyo aksaray,sinyalizasyon_haberlesme,3,fault_report,0,P2,1,yazim_yanlisi,relabel:openrouter
turnike gecis kapi takildi halic,mekanik_istasyon,0,fault_report,0,P3,2,yazim_yanlisi,relabel:openrouter
yuruyen merdiven ses cikar taksim,mekanik_istasyon,0,fault_report,0,P3,2,yazim_yanlisi,relabel:openrouter
asansor kapi acilmiyo bagcilar giris,mekanik_istasyon,0,fault_report,0,P3,2,yazim_yanlisi,relabel:openrouter
psd 12 kilitlenmiyo topkapi peron,sinyalizasyon_haberlesme,3,fault_report,0,P2,1,yazim_yanlisi,relabel:openrouter
turnike kolu donmuyo kartal cikis,mekanik_istasyon,0,fault_report,0,P3,2,yazim_yanlisi,relabel:openrouter
oto kapi yarim kaldi yenisahra,mekanik_istasyon,0,fault_report,0,P3,2,yazim_yanlisi,relabel:openrouter
yuruyen merdiven aniden durdu gayrettepe,mekanik_istasyon,0,fault_report,0,P3,2,yazim_yanlisi,relabel:openrouter
asansor kata ara kaliyo dudullu,mekanik_istasyon,0,fault_report,0,P3,2,yazim_yanlisi,relabel:openrouter
peron kapisi gec aciyo osmanbey,sinyalizasyon_haberlesme,3,fault_report,0,P2,1,yazim_yanlisi,relabel:openrouter
ym 05 titriyor mecidiyekoy peron,mekanik_istasyon,0,fault_report,0,P3,2,yazim_yanlisi,relabel:openrouter
oto kapi rayden cikti levent,mekanik_istasyon,0,fault_report,0,P3,2,yazim_yanlisi,relabel:openrouter
Yürüyen merdiven 3 durdu,mekanik_istasyon,0,fault_report,0,P3,2,cok_kisa,relabel:openrouter
Asansör kapı kilitlenmiyor,mekanik_istasyon,0,fault_report,0,P3,2,cok_kisa,relabel:openrouter
PSD 05 aralıklı açılıyor,sinyalizasyon_haberlesme,3,fault_report,0,P2,1,cok_kisa,relabel:openrouter
Turnike 2 kol dönmüyor,mekanik_istasyon,0,fault_report,0,P3,2,cok_kisa,relabel:openrouter
Bariyer kapağı yere düştü,mekanik_istasyon,0,fault_report,0,P3,2,cok_kisa,relabel:openrouter
Yürüyen merdiven garip ses,mekanik_istasyon,0,fault_report,0,P3,2,cok_kisa,relabel:openrouter
Asansör seviye hatası veriyor,mekanik_istasyon,0,fault_report,0,P3,2,cok_kisa,relabel:openrouter
PSD sensör algılamıyor,sinyalizasyon_haberlesme,3,fault_report,0,P2,1,cok_kisa,relabel:openrouter
Turnike gövde çatlak var,mekanik_istasyon,0,fault_report,0,P3,2,cok_kisa,relabel:openrouter
Giriş kapısı yarım kaldı,mekanik_istasyon,0,fault_report,0,P3,2,cok_kisa,relabel:openrouter
Merdiven palet zinciri kopuk,mekanik_istasyon,0,fault_report,0,P3,2,cok_kisa,relabel:openrouter
Asansör cabini sallanıyor,mekanik_istasyon,0,fault_report,0,P3,2,cok_kisa,relabel:openrouter
Peron kapısı kapanmıyor,sinyalizasyon_haberlesme,3,fault_report,0,P2,1,cok_kisa,relabel:openrouter
Turnike 7 kapağı takılı,mekanik_istasyon,0,fault_report,0,P3,2,cok_kisa,relabel:openrouter
Yangın bariyeri açılmıyor,mekanik_istasyon,0,fault_report,0,P1,0,cok_kisa,relabel:openrouter
Yürüyen merdiven fren çekiyor,mekanik_istasyon,0,fault_report,0,P3,2,cok_kisa,relabel:openrouter
Asansör kapı mandalı kırık,mekanik_istasyon,0,fault_report,0,P3,2,cok_kisa,relabel:openrouter
PSD rayı çıkık,sinyalizasyon_haberlesme,3,fault_report,0,P2,1,cok_kisa,relabel:openrouter
Turnike yönlendirme kolu çatı,mekanik_istasyon,0,fault_report,0,P3,2,cok_kisa,relabel:openrouter
Cam kapı hortumu patladı,mekanik_istasyon,0,fault_report,0,P3,2,cok_kisa,relabel:openrouter
Sabah seferinde 4 nolu vagon acil fren hattı uyarısı verdi.,arac_tren,2,fault_report,0,P2,1,standart,relabel:openrouter
Göztepe istasyonunda 1 nolu vagondaki sol kapı takılı kalıyor.,arac_tren,2,fault_report,0,P2,1,standart,relabel:openrouter
Kozyatağı yönlü trende 6 numaralı vagon yer ısıtması açık.,arac_tren,2,fault_report,0,P3,2,standart,relabel:openrouter
Yenisahra istasyonunda 3 nolu vagon tuvalet kapısı kilitlenmiyor.,arac_tren,2,fault_report,0,P3,2,standart,relabel:openrouter
Mecidiyeköy'den ayrılan 205 sefer makinist masa lambası yanmıyor.,arac_tren,2,fault_report,0,P4,3,standart,relabel:openrouter
Huzurevi yönlü trende 5 numaralı vagon camı çatlaklı durumda.,arac_tren,2,fault_report,0,P3,2,standart,relabel:openrouter
Esenkent istasyonunda 2 nolu vagon kapı arası sıkışma sensörü uyardı.,arac_tren,2,fault_report,0,P3,2,standart,relabel:openrouter
Parseller yönlü trende 4 numaralı vagon jakuzisi ses çıkarıyor.,arac_tren,2,fault_report,0,P2,1,standart,relabel:openrouter
Osmangazi istasyonunda 1 nolu vagondaki yangın söndürücüsü eksik.,arac_tren,2,fault_report,0,P3,2,standart,relabel:openrouter
Cumhuriyet başlangıçlı seferde 3 nolu vagon pencere camı kırık.,arac_tren,2,fault_report,0,P3,2,standart,relabel:openrouter
Yenibosna yönlü trende 6 numaralı vagon freni gecikmeli basıyor.,arac_tren,2,fault_report,0,P2,1,standart,relabel:openrouter
Ataköy istasyonunda 2 nolu vagon içi görüntüleme kamerası bozuk.,sinyalizasyon_haberlesme,3,fault_report,0,P3,2,standart,relabel:openrouter
Şirinevler yönlü trende 5 numaralı vagon kapı kumandaları tepki vermiyor.,arac_tren,2,fault_report,0,P2,1,standart,relabel:openrouter
Bahçelievler istasyonunda 1 nolu vagon yükümlülük tabelası yanmıyor.,arac_tren,2,fault_report,0,P3,2,standart,relabel:openrouter
Davutpaşa yönlü trende 4 numaralı vagon tekerlekten duman çıkıyor.,arac_tren,2,fault_report,0,P1,0,standart,relabel:openrouter
Merter istasyonunda 3 nolu vagon makinist kanepesi kırık.,arac_tren,2,fault_report,0,P3,2,standart,relabel:openrouter
Zeytinburnu başlangıçlı seferde 2 nolu vagon kapı kovası sökülmüş.,arac_tren,2,fault_report,0,P2,1,standart,relabel:openrouter
Aksaray yönlü trende 6 numaralı vagon dinamik fren arızalı.,arac_tren,2,fault_report,0,P2,1,standart,relabel:openrouter
Vezneciler istasyonunda 1 nolu vagon acil iletişim butonu çalışmıyor.,sinyalizasyon_haberlesme,3,fault_report,0,P3,2,standart,relabel:openrouter
Haliç yönlü trende 5 numaralı vagon yolcu sayma sensörü hatalı.,arac_tren,2,fault_report,0,P4,3,standart,relabel:openrouter
Şişhane istasyonunda 4 numaralı vagon kapı/kilit ibaresi yanmıyor.,arac_tren,2,fault_report,0,P3,2,standart,relabel:openrouter
Taksim'den giden 304 sefer makinist kabini camı buzlanıyor.,arac_tren,2,fault_report,0,P3,2,standart,relabel:openrouter
Osmanbey yönlü trende 2 numaralı vagon vagon arası geçiş kapalı.,arac_tren,2,fault_report,0,P3,2,standart,relabel:openrouter
Şişli-Mecidiyeköy istasyonunda 3 nolu vagon klima üflemüyor.,arac_tren,2,fault_report,0,P3,2,standart,relabel:openrouter
Gayrettepe başlangıçlı seferde 1 nolu vagon motor koruma devreye girdi.,arac_tren,2,fault_report,0,P2,1,standart,relabel:openrouter
Levent yönlü trende 6 numaralı vagon fren basıncı düşük.,arac_tren,2,fault_report,0,P2,1,standart,relabel:openrouter
4. Levent istasyonunda 5 numaralı vagon kapı emniyet pimi takılı.,arac_tren,2,fault_report,0,P3,2,standart,relabel:openrouter
Sanayi Mahallesi yönlü trende 2 nolu vagon koltuk altı ısıtıcı yanmıyor.,arac_tren,2,fault_report,0,P3,2,standart,relabel:openrouter
İTÜ-Ayazağa istasyonunda 4 numaralı vagon yolcu alarmı kendiliğinden çaldı.,arac_tren,2,fault_report,0,P3,2,standart,relabel:openrouter
Atatürk Kültür Merkezi yönlü trende 3 nolu vagon fren liberated kalmıyor.,arac_tren,2,fault_report,0,P2,1,standart,relabel:openrouter
Karaköy istasyonunda 1 nolu vagon makinist kabini kapısı kapanmıyor.,arac_tren,2,fault_report,0,P3,2,standart,relabel:openrouter
Söğütlüçeşme başlangıçlı seferde 6 numaralı vagon pantograf arızası var.,arac_tren,2,fault_report,0,P2,1,standart,relabel:openrouter
Şişhane istasyonunda 4 numaralı vagon sol kapı açılmıyor.,arac_tren,2,fault_report,0,P2,1,standart,relabel:openrouter
Uzunçayır yönlü trende 1 numaralı vagon freni basınçsız.,arac_tren,2,fault_report,0,P1,0,standart,relabel:openrouter
Levent istasyonunda 6 nolu vagon yolcu alarmı çalışıyor.,arac_tren,2,incident_report,1,P2,1,standart,relabel:openrouter
Şişli'den giden 205 seferi 3 numaralı vagon ısıtmıyor.,arac_tren,2,fault_report,0,P3,2,standart,relabel:openrouter
Yenikapı başlangıçlı seferde 5 nolu vagon kapısı takılıyor.,arac_tren,2,fault_report,0,P2,1,standart,relabel:openrouter
Gayrettepe istasyonunda 1 numaralı vagon tekerlekten titreme var.,arac_tren,2,fault_report,0,P2,1,standart,relabel:openrouter
Atatürk Oto Sanayi yönlü trende 4 nolu vagon anonsu ses vermiyor.,sinyalizasyon_haberlesme,3,fault_report,0,P3,2,standart,relabel:openrouter
Sabah vardiyası 112 seferi makinist kabini camı çatlak.,arac_tren,2,fault_report,0,P3,2,standart,relabel:openrouter
Vagon kapısı kapanmıyor 3. vagon,arac_tren,2,fault_report,0,P2,1,devrik,relabel:openrouter
Fren basıncı düşüyor 205 sefer,arac_tren,2,fault_report,0,P1,0,devrik,relabel:openrouter
Kabin anons mikrofonu çalişmiyor,arac_tren,2,fault_report,0,P3,2,devrik,relabel:openrouter
Vagon kliması soğutmuyor 4. vagon,arac_tren,2,fault_report,0,P3,2,devrik,relabel:openrouter
Çeker motoru sesi geliyor 1. vagon,arac_tren,2,fault_report,0,P3,2,devrik,relabel:openrouter
Makinist kabini camı çatlak,arac_tren,2,fault_report,0,P3,2,devrik,relabel:openrouter
Vagon aydınlatması yanıp sönüyor 5. vagon,arac_tren,2,fault_report,0,P3,2,devrik,relabel:openrouter
Kapı arası sıkışma sensörü hatalı,arac_tren,2,fault_report,0,P2,1,devrik,relabel:openrouter
Tekerlekten duman çıkıyor 3. vagon,arac_tren,2,incident_report,1,P1,0,devrik,relabel:openrouter
Vagon koltuğu kırık yerleşim bozuk,arac_tren,2,fault_report,0,P4,3,devrik,relabel:openrouter
Kabin fren kolu sertleşmiş,arac_tren,2,fault_report,0,P1,0,devrik,relabel:openrouter
YM-04 kapı kontrol ünitesi arızalı,arac_tren,2,fault_report,0,P2,1,devrik,relabel:openrouter
Vagon içi anons bozuk 2. vagon,arac_tren,2,fault_report,0,P3,2,devrik,relabel:openrouter
Fren tetiklemiyor acil fren devreye,arac_tren,2,incident_report,1,P1,0,devrik,relabel:openrouter
Motor aşırı ısınma uyarısı 1. vagon,arac_tren,2,fault_report,0,P2,1,devrik,relabel:openrouter
Vagon kapısı açılmıyor Şişhane peronu,arac_tren,2,fault_report,0,P2,1,devrik,relabel:openrouter
Kabin masaüstü ekran dondu,arac_tren,2,fault_report,0,P3,2,devrik,relabel:openrouter
Vagon kliması ısıtma modunda kalıyor,arac_tren,2,fault_report,0,P3,2,devrik,relabel:openrouter
Çeker çarkında anormal titreme var,arac_tren,2,fault_report,0,P2,1,devrik,relabel:openrouter
Vagon ısıtıcısı çalışmıyor soğuk hava,arac_tren,2,fault_report,0,P3,2,devrik,relabel:openrouter
Kapı acil açma kolu çekiği kırık,arac_tren,2,fault_report,0,P1,0,devrik,relabel:openrouter
Makinist kabini radyo iletişim kesik,arac_tren,2,fault_report,0,P1,0,devrik,relabel:openrouter
Vagon aydınlatması tamamen söndü 6. vagon,arac_tren,2,fault_report,0,P2,1,devrik,relabel:openrouter
Fren basınç manometresi sıfır gösteriyor,arac_tren,2,fault_report,0,P1,0,devrik,relabel:openrouter
Vagon kapısı yarım kalıyor kapatmıyor,arac_tren,2,fault_report,0,P2,1,devrik,relabel:openrouter
Kabin saati durmuş saat ayarı,arac_tren,2,fault_report,0,P4,3,devrik,relabel:openrouter
Tekerlek ray tutunması zayıf 4. vagon,arac_tren,2,fault_report,0,P2,1,devrik,relabel:openrouter
Vagon içi yolcu sayaç bozuk,arac_tren,2,fault_report,0,P4,3,devrik,relabel:openrouter
Motor kesintili çalışıyor 205 sefer,arac_tren,2,fault_report,0,P2,1,devrik,relabel:openrouter
Kabin yön değiştir kolu takılıyor,arac_tren,2,fault_report,0,P1,0,devrik,relabel:openrouter
Vagon kapısı kilitlemiyor güvenlik riski,arac_tren,2,fault_report,0,P1,0,devrik,relabel:openrouter
Fren derhal basılmıyor gecikmeli,arac_tren,2,fault_report,0,P1,0,devrik,relabel:openrouter
Vagon climatizör filtresi tıkalı pis,arac_tren,2,fault_report,0,P4,3,devrik,relabel:openrouter
Makinist koltuğu ayarlanmıyor sabit,arac_tren,2,fault_report,0,P3,2,devrik,relabel:openrouter
Vagon acil pencere açılmaz oldum,arac_tren,2,fault_report,0,P1,0,devrik,relabel:openrouter
Çeker motoru yağı döküyor 1. vagon,arac_tren,2,fault_report,0,P1,0,devrik,relabel:openrouter
Kabin korna sesi çıkarmıyor,arac_tren,2,fault_report,0,P2,1,devrik,relabel:openrouter
Vagon kapısı tampon lastiği sökülmüş,arac_tren,2,fault_report,0,P3,2,devrik,relabel:openrouter
Fren hidrolik yağı az uyarı,arac_tren,2,fault_report,0,P1,0,devrik,relabel:openrouter
Vagon içi harita ekranı karanlık,arac_tren,2,fault_report,0,P4,3,devrik,relabel:openrouter
Makinist kabini kapısı kapanmıyor,arac_tren,2,fault_report,0,P2,1,devrik,relabel:openrouter
Tekerlekten çarpma sesi geliyor,arac_tren,2,fault_report,0,P3,2,devrik,relabel:openrouter
Çeker motoru ansızın durdu 1. vagon,arac_tren,2,fault_report,0,P2,1,devrik,relabel:openrouter
Kabin aydınlatması yanıp sönüyor,arac_tren,2,fault_report,0,P3,2,devrik,relabel:openrouter
Üsküdar civarı vagon kapısı kilitlenmiyor 2. vagon,arac_tren,2,fault_report,0,P2,1,devrik,relabel:openrouter
Tekerlekten anormal titreme var 2. vagon,arac_tren,2,fault_report,0,P3,2,devrik,relabel:openrouter
Makinist kabini anonsu cızırtı veriyor,arac_tren,2,fault_report,0,P3,2,devrik,relabel:openrouter
Fren basıncı yükselmiyor 4. vagon,arac_tren,2,fault_report,0,P1,0,devrik,relabel:openrouter
Vagon koltuğu çatlak yolcu şikayeti,arac_tren,2,fault_report,0,P4,3,devrik,relabel:openrouter
Kabin masa paneli karardı YM-03,arac_tren,2,fault_report,0,P2,1,devrik,relabel:openrouter
3 nolu vagondaki kapi kilitlenmiyo,arac_tren,2,fault_report,0,P2,1,yazim_yanlisi,relabel:openrouter
makinist kabini anons mikrofoni ciziyo,arac_tren,2,fault_report,0,P3,2,yazim_yanlisi,relabel:openrouter
vagon ici aydinlatma yarim yaniyo,arac_tren,2,fault_report,0,P3,2,yazim_yanlisi,relabel:openrouter
fren sistemi basinc duser 5. vagonda,arac_tren,2,fault_report,0,P1,0,yazim_yanlisi,relabel:openrouter
ceker motorundan duman cikiyo sefer 42,arac_tren,2,incident_report,1,P1,0,yazim_yanlisi,relabel:openrouter
vagon klimasi calismiyo soguk buz gibi,arac_tren,2,fault_report,0,P3,2,yazim_yanlisi,relabel:openrouter
koltuk altindan ses geliyo 2. vagonda,arac_tren,2,fault_report,0,P4,3,yazim_yanlisi,relabel:openrouter
makinist masasindaki ekran dondu,arac_tren,2,fault_report,0,P2,1,yazim_yanlisi,relabel:openrouter
vagon kapi acilmiyo acil buton calismiyo,arac_tren,2,fault_report,0,P1,0,yazim_yanlisi,relabel:openrouter
tekerlekten tikirdak sesi artiyo 1. vagon,arac_tren,2,fault_report,0,P3,2,yazim_yanlisi,relabel:openrouter
ic aydinlatma tamamen sondu 4 nolu vagon,arac_tren,2,fault_report,0,P2,1,yazim_yanlisi,relabel:openrouter
frenlerle tirmaniyo irtifa farkinda,arac_tren,2,fault_report,0,P1,0,yazim_yanlisi,relabel:openrouter
vagon icindeki yolcu anozu bozuk,arac_tren,2,fault_report,0,P3,2,yazim_yanlisi,relabel:openrouter
motor surucusu hata kodu veriyo,arac_tren,2,fault_report,0,P2,1,yazim_yanlisi,relabel:openrouter
klima uni vanasi acilmiyo sicak,arac_tren,2,fault_report,0,P3,2,yazim_yanlisi,relabel:openrouter
vagon kapi sensoru algilamiyo,arac_tren,2,fault_report,0,P2,1,yazim_yanlisi,relabel:openrouter
koltuklari dikey konuma getirmiyo,arac_tren,2,fault_report,0,P4,3,yazim_yanlisi,relabel:openrouter
fren yastigi asindigi belli,arac_tren,2,fault_report,0,P3,2,yazim_yanlisi,relabel:openrouter
vagon ucu yanimda cizgili ciziyo,arac_tren,2,fault_report,0,P3,2,yazim_yanlisi,relabel:openrouter
makinist fren manivela gec kaliyo,arac_tren,2,fault_report,0,P1,0,yazim_yanlisi,relabel:openrouter
cekis motoru yuksek ses cikartiyo,arac_tren,2,fault_report,0,P3,2,yazim_yanlisi,relabel:openrouter
vagon ici gozlem kamerasi kararmis,sinyalizasyon_haberlesme,3,fault_report,0,P3,2,yazim_yanlisi,relabel:openrouter
acil fren cekildi ama durmadi,arac_tren,2,fault_report,0,P1,0,yazim_yanlisi,relabel:openrouter
kapi arasi kirlangic cikiyo 3. vagon,arac_tren,2,fault_report,0,P4,3,yazim_yanlisi,relabel:openrouter
vagon sasi altinda yag dokuyo,arac_tren,2,fault_report,0,P2,1,yazim_yanlisi,relabel:openrouter
klima filtresi tikanmis kokuyo,arac_tren,2,fault_report,0,P3,2,yazim_yanlisi,relabel:openrouter
aydinlatma ballasti patlamis olabilir,arac_tren,2,fault_report,0,P3,2,yazim_yanlisi,relabel:openrouter
makinist kabini pencere cami cizik,arac_tren,2,fault_report,0,P4,3,yazim_yanlisi,relabel:openrouter
vagon kapi acilma suresi uzaldi,arac_tren,2,fault_report,0,P3,2,yazim_yanlisi,relabel:openrouter
tekerlek rayden cikma riski var,arac_tren,2,fault_report,0,P1,0,yazim_yanlisi,relabel:openrouter
Vagon 20 kapı açılmıyor,arac_tren,2,fault_report,0,P3,2,cok_kisa,relabel:openrouter
Vagon 21 fren kontaklı,arac_tren,2,fault_report,0,P2,1,cok_kisa,relabel:openrouter
Vagon 22 motor durdu,arac_tren,2,fault_report,0,P2,1,cok_kisa,relabel:openrouter
Vagon 23 klima ısınmıyor,arac_tren,2,fault_report,0,P3,2,cok_kisa,relabel:openrouter
Vagon 24 ışık tamamen söndü,arac_tren,2,fault_report,0,P3,2,cok_kisa,relabel:openrouter
Vagon 25 anons kesintili,arac_tren,2,fault_report,0,P3,2,cok_kisa,relabel:openrouter
Vagon 26 tekerlek patladı,arac_tren,2,fault_report,0,P1,0,cok_kisa,relabel:openrouter
Vagon 27 kapı sıkışıyor,arac_tren,2,fault_report,0,P3,2,cok_kisa,relabel:openrouter
Vagon 28 fren çarpar,arac_tren,2,fault_report,0,P2,1,cok_kisa,relabel:openrouter
Makinist kabini direksiyon sert,arac_tren,2,fault_report,0,P3,2,cok_kisa,relabel:openrouter
Vagon 29 çeker çatlak,arac_tren,2,fault_report,0,P1,0,cok_kisa,relabel:openrouter
Vagon 30 kapı sensör hatası,arac_tren,2,fault_report,0,P3,2,cok_kisa,relabel:openrouter
Vagon 31 klima fanı sessiz,arac_tren,2,fault_report,0,P3,2,cok_kisa,relabel:openrouter
Vagon 32 fren balatası bitmiş,arac_tren,2,fault_report,0,P2,1,cok_kisa,relabel:openrouter
Vagon 33 motor titreşiyor,arac_tren,2,fault_report,0,P3,2,cok_kisa,relabel:openrouter
Vagon 34 koltuk life takılı,arac_tren,2,fault_report,0,P4,3,cok_kisa,relabel:openrouter
Vagon 35 ışık loş yanıyor,arac_tren,2,fault_report,0,P3,2,cok_kisa,relabel:openrouter
Vagon 36 anons parazitli,arac_tren,2,fault_report,0,P3,2,cok_kisa,relabel:openrouter
Vagon 37 tekerlek yatak arızalı,arac_tren,2,fault_report,0,P1,0,cok_kisa,relabel:openrouter
Vagon 7 kapı kapanmıyor,arac_tren,2,fault_report,0,P1,0,cok_kisa,relabel:openrouter
Makinist kabini klaxon çalmıyor,arac_tren,2,fault_report,0,P2,1,cok_kisa,relabel:openrouter
Vagon 14 ısıtma çalışmıyor,arac_tren,2,fault_report,0,P3,2,cok_kisa,relabel:openrouter
Vagon 22 tekerlek şırıtıyor,arac_tren,2,fault_report,0,P3,2,cok_kisa,relabel:openrouter
Vagon 8 aydınlatma yanıp sönüyor,arac_tren,2,fault_report,0,P3,2,cok_kisa,relabel:openrouter
Vagon 19 çeker kesintili,arac_tren,2,fault_report,0,P2,1,cok_kisa,relabel:openrouter
Vagon 3 anons mikrofon bozuk,arac_tren,2,fault_report,0,P3,2,cok_kisa,relabel:openrouter
Vagon 17 kapı acil emergent,arac_tren,2,fault_report,0,P1,0,cok_kisa,relabel:openrouter
Vagon 24 sandalye dibi kırık,arac_tren,2,fault_report,0,P4,3,cok_kisa,relabel:openrouter
Vagon 6 motor ısınır,arac_tren,2,fault_report,0,P1,0,cok_kisa,relabel:openrouter
Makinist kabini masa sallanıyor,arac_tren,2,fault_report,0,P3,2,cok_kisa,relabel:openrouter
Taksim istasyonunda yolcu yoğunluğu nedeniyle seferler gecikmiştir.,yolcu_hizmetleri,8,fault_report,0,P2,1,standart,relabel:openrouter
"Yenikapı yönlü sefer iptal edildi, yolcular bir sonraki trene yönlendirildi.",yolcu_hizmetleri,8,fault_report,0,P2,1,standart,relabel:openrouter
Bostancı istasyonunda anons yapılmaması sonucu yolcular yanlış perona yönelmiştir.,yolcu_hizmetleri,8,fault_report,0,P2,1,standart,relabel:openrouter
Üsküdar peronunda personel eksiliği nedeniyle çıkış yönlendirmesi yapılamamıştır.,yolcu_hizmetleri,8,complaint,3,P3,2,standart,relabel:openrouter
Kadıköy istasyonunda seferler tarife değişikliği sebebiyle seyreltildi.,yolcu_hizmetleri,8,complaint,3,P4,3,standart,relabel:openrouter
"Söğütlüçeşme istasyonunda kayıp eşya bildirimi alındı, güvenlik birimine iletildi.",guvenlik_asayis_olay,9,incident_report,1,P3,2,standart,relabel:openrouter
Ayrılık Çeşmesi peronunda yolcu baskısı nedeniyle kapılar kapatılamamıştır.,guvenlik_asayis_olay,9,incident_report,1,P2,1,standart,relabel:openrouter
"Göztepe istasyonunda yanlış anons yapıldı, yolcular yanlış yöne yönlendirildi.",yolcu_hizmetleri,8,fault_report,0,P2,1,standart,relabel:openrouter
"Kozyatağı yönlü sefer gelmedi, nedeni henüz belirlenememiştir.",yolcu_hizmetleri,8,fault_report,0,P2,1,standart,relabel:openrouter
Kartal istasyonunda bilet holü yoğunluğu sefer gecikmesine neden oldu.,yolcu_hizmetleri,8,fault_report,0,P3,2,standart,relabel:openrouter
Sefer iptal nedeni anons edilmedi Taksim,yolcu_hizmetleri,8,complaint,3,P4,3,devrik,relabel:openrouter
Peron dolu giriş kapatıldı Esenler,yolcu_hizmetleri,8,complaint,3,P3,2,devrik,relabel:openrouter
Yönlendirme tabelası eksik yolcular kayboldu Şişhane,yolcu_hizmetleri,8,complaint,3,P4,3,devrik,relabel:openrouter
Personel yok bilet iadesi yapılamıyor Aksaray,yolcu_hizmetleri,8,complaint,3,P4,3,devrik,relabel:openrouter
Anons yok sefer saati belirsiz Yenikapı,yolcu_hizmetleri,8,complaint,3,P4,3,devrik,relabel:openrouter
Sefer gecikti yolcular peronda Otogar,yolcu_hizmetleri,8,complaint,3,P3,2,devrik,relabel:openrouter
Yönlendirme personeli yok kalabalık Vezneciler,yolcu_hizmetleri,8,complaint,3,P3,2,devrik,relabel:openrouter
Kayıp eşya bildirimi kayıt altına alındı Haliç,guvenlik_asayis_olay,9,incident_report,1,P4,3,devrik,relabel:openrouter
Tarife uyuşmazlığı geçiş engellendi Topkapı,elektronik_sistemler,4,fault_report,0,P3,2,devrik,relabel:openrouter
Peron değişikliği anons yapılmadı Bayrampaşa,yolcu_hizmetleri,8,complaint,3,P4,3,devrik,relabel:openrouter
Sefer iptal uskudar yonunde aciklama yok,yolcu_hizmetleri,8,complaint,3,P4,3,yazim_yanlisi,relabel:openrouter
Peron cok kalabalik sisane yonlendirme yok,yolcu_hizmetleri,8,complaint,3,P3,2,yazim_yanlisi,relabel:openrouter
Anons yapilmiyor yolcular bilgisiz bekliyor topkapi,yolcu_hizmetleri,8,complaint,3,P4,3,yazim_yanlisi,relabel:openrouter
Tren gelmiyor esenler hatta gecikme var,yolcu_hizmetleri,8,complaint,3,P3,2,yazim_yanlisi,relabel:openrouter
Tarife hatasi karttan para cekilmiyor aksaray,elektronik_sistemler,4,fault_report,0,P3,2,yazim_yanlisi,relabel:openrouter
Yonlendirme tabelasi yanlis kirazli yolcu sasilmis,yolcu_hizmetleri,8,complaint,3,P4,3,yazim_yanlisi,relabel:openrouter
Seferler seyreltildi kadikoy yo gunluk saglam,yolcu_hizmetleri,8,complaint,3,P3,2,yazim_yanlisi,relabel:openrouter
Bilet makinesi calismiyo pendik nakit odeme yok,elektronik_sistemler,4,fault_report,0,P3,2,yazim_yanlisi,relabel:openrouter
Kapali gecis acilmiyor gayrettepe yolcu gec kalir,mekanik_istasyon,0,fault_report,0,P3,2,yazim_yanlisi,relabel:openrouter
Guvenlik personeli yok peron kontrolu yok levent,istasyon_guvenlik,6,fault_report,0,P3,2,yazim_yanlisi,relabel:openrouter
Anons sesi cok dusuk duyulmuyor 4levent,yolcu_hizmetleri,8,complaint,3,P4,3,yazim_yanlisi,relabel:openrouter
Sefer saatinde degil sanayi surekli gecikme,yolcu_hizmetleri,8,complaint,3,P3,2,yazim_yanlisi,relabel:openrouter
Yolcu dusmesi iptal duyuruldu itu hastane,guvenlik_asayis_olay,9,incident_report,1,P1,0,yazim_yanlisi,relabel:openrouter
Engelli yolcu yardim personeli yok ataturkoto,yolcu_hizmetleri,8,complaint,3,P3,2,yazim_yanlisi,relabel:openrouter
Kapi arasi gecis kapali mecidiyekoy yolcu sikis,arac_tren,2,fault_report,0,P3,2,yazim_yanlisi,relabel:openrouter
Kart baslatma hatasi ucret alindi biletyok kiziltoprak,elektronik_sistemler,4,fault_report,0,P3,2,yazim_yanlisi,relabel:openrouter
Peron bos tren gelmedi bostanci bekliyoruz,yolcu_hizmetleri,8,complaint,3,P3,2,yazim_yanlisi,relabel:openrouter
Yonlendirme yok cikis bulunamadi kartal karisik,yolcu_hizmetleri,8,complaint,3,P4,3,yazim_yanlisi,relabel:openrouter
Sefer iptali anons edilmedi pendik sabah,yolcu_hizmetleri,8,complaint,3,P4,3,yazim_yanlisi,relabel:openrouter
Personel eksigi peron kapatildi uskudar acil,yolcu_hizmetleri,8,incident_report,1,P2,1,yazim_yanlisi,relabel:openrouter
Anons yanlis peron belirtildi sisane yolcu kaldi,yolcu_hizmetleri,8,complaint,3,P3,2,yazim_yanlisi,relabel:openrouter
Bilet iade edilmiyor hata kodu topkapi,elektronik_sistemler,4,fault_report,0,P3,2,yazim_yanlisi,relabel:openrouter
Tren icerisi bos sefer iptal esenler,yolcu_hizmetleri,8,complaint,3,P3,2,yazim_yanlisi,relabel:openrouter
Yo gun saatinde sefer yok yenikapi,yolcu_hizmetleri,8,complaint,3,P2,1,yazim_yanlisi,relabel:openrouter
Tabela karisik yon bulamiyoruz aksaray,yolcu_hizmetleri,8,complaint,3,P4,3,yazim_yanlisi,relabel:openrouter
Peron guvensiz personel goremedik kirazli,istasyon_guvenlik,6,complaint,3,P3,2,yazim_yanlisi,relabel:openrouter
Sefer gecikmesi surekli kadikoy aciklama isteniyor,yolcu_hizmetleri,8,information_request,2,P3,2,yazim_yanlisi,relabel:openrouter
Cikis kapisi acilmiyor personel yok pendik,mekanik_istasyon,0,fault_report,0,P3,2,yazim_yanlisi,relabel:openrouter
Yolcudan sikayet alinmiyor gayrettepe yetkili yok,yolcu_hizmetleri,8,complaint,3,P4,3,yazim_yanlisi,relabel:openrouter
Anons yok sessiz peron levent,yolcu_hizmetleri,8,complaint,3,P4,3,yazim_yanlisi,relabel:openrouter
Bilet kontrolu yok hucum oldu 4levent,guvenlik_asayis_olay,9,incident_report,1,P1,0,yazim_yanlisi,relabel:openrouter
Sefer tarife degisti yolcu bilgilendirilmedi sanayi,yolcu_hizmetleri,8,complaint,3,P4,3,yazim_yanlisi,relabel:openrouter
Asansor yok engelli gecemiyor itu,mekanik_istasyon,0,fault_report,0,P3,2,yazim_yanlisi,relabel:openrouter
Peron capraz gecis kapali ataturkoto,mekanik_istasyon,0,fault_report,0,P3,2,yazim_yanlisi,relabel:openrouter
Kart okumuyor bilet cikmiyor kiziltoprak,elektronik_sistemler,4,fault_report,0,P3,2,yazim_yanlisi,relabel:openrouter
Yonlendirme personeli ayrildi bostanci yolcu yandi,yolcu_hizmetleri,8,complaint,3,P3,2,yazim_yanlisi,relabel:openrouter
Sefer iptal nedeni anlasilmiyor kartal,yolcu_hizmetleri,8,complaint,3,P4,3,yazim_yanlisi,relabel:openrouter
Yolcu dusmesi sefer iptal duyuru yok hacosman,guvenlik_asayis_olay,9,incident_report,1,P1,0,yazim_yanlisi,relabel:openrouter
Acil durus yolcu panigi tren durdu merter,guvenlik_asayis_olay,9,incident_report,1,P1,0,yazim_yanlisi,relabel:openrouter
taksimde sefer gecikiyo neden belli degil,yolcu_hizmetleri,8,complaint,3,P4,3,yazim_yanlisi,relabel:openrouter
sisane sefer iptal anons yok,yolcu_hizmetleri,8,complaint,3,P4,3,yazim_yanlisi,relabel:openrouter
sirinevler tarife hatasi ucret fazla alindi,elektronik_sistemler,4,fault_report,0,P3,2,yazim_yanlisi,relabel:openrouter
kartal peron dolu yolcu yonlendirme yok,yolcu_hizmetleri,8,complaint,3,P2,1,yazim_yanlisi,relabel:openrouter
leventte yanlis anons yolcu kaldi peronda,yolcu_hizmetleri,8,complaint,3,P2,1,yazim_yanlisi,relabel:openrouter
yenikapi personel az cikis yonetilmiyor,yolcu_hizmetleri,8,complaint,3,P3,2,yazim_yanlisi,relabel:openrouter
kadikoy kayip esya proseduru calismiyo,guvenlik_asayis_olay,9,complaint,3,P4,3,yazim_yanlisi,relabel:openrouter
haciosman seferler seyrelti sabah yogunlugunda,yolcu_hizmetleri,8,complaint,3,P2,1,yazim_yanlisi,relabel:openrouter
gayrettepe tabela karisik yolcu yanlis yon,yolcu_hizmetleri,8,fault_report,0,P3,2,yazim_yanlisi,relabel:openrouter
bostanci gecikme anonsu yok yolcu bekliyor,yolcu_hizmetleri,8,complaint,3,P4,3,yazim_yanlisi,relabel:openrouter
aralikcesme aktarma tarife hatasi ucret aldi,elektronik_sistemler,4,fault_report,0,P3,2,yazim_yanlisi,relabel:openrouter
Sefer iptal Levent,yolcu_hizmetleri,8,complaint,3,P3,2,cok_kisa,relabel:openrouter
Tarife hatası biletmatik,elektronik_sistemler,4,fault_report,0,P3,2,cok_kisa,relabel:openrouter
Anons yok Taksim,yolcu_hizmetleri,8,complaint,3,P4,3,cok_kisa,relabel:openrouter
Peron kalabalık Kirazlı,yolcu_hizmetleri,8,complaint,3,P2,1,cok_kisa,relabel:openrouter
Yolcu düşmesi gecikme,guvenlik_asayis_olay,9,incident_report,1,P1,0,cok_kisa,relabel:openrouter
Personel eksikliği çıkış,yolcu_hizmetleri,8,complaint,3,P3,2,cok_kisa,relabel:openrouter
Yanlış tabela yönlendirme,yolcu_hizmetleri,8,fault_report,0,P3,2,cok_kisa,relabel:openrouter
Sefer gecikmesi şimdi,yolcu_hizmetleri,8,complaint,3,P3,2,cok_kisa,relabel:openrouter
Biletmatik arıza Topkapı,elektronik_sistemler,4,fault_report,0,P3,2,cok_kisa,relabel:openrouter
Kayıp eşya bildirildi,guvenlik_asayis_olay,9,incident_report,1,P4,3,cok_kisa,relabel:openrouter
Yolcu yönlendirme kaos,yolcu_hizmetleri,8,complaint,3,P2,1,cok_kisa,relabel:openrouter
Sefer sayısı azaltıldı,yolcu_hizmetleri,8,complaint,3,P2,1,cok_kisa,relabel:openrouter
Anons eksik bilgilendirme,yolcu_hizmetleri,8,complaint,3,P4,3,cok_kisa,relabel:openrouter
Turnike geçiş sıkışıklığı,mekanik_istasyon,0,fault_report,0,P3,2,cok_kisa,relabel:openrouter
Vardiya değişimi gecikme,yolcu_hizmetleri,8,complaint,3,P3,2,cok_kisa,relabel:openrouter
Yolcu hastalığı müdahale,guvenlik_asayis_olay,9,incident_report,1,P1,0,cok_kisa,relabel:openrouter
Kapalı peron değişikliği,yolcu_hizmetleri,8,complaint,3,P3,2,cok_kisa,relabel:openrouter
Bilet kontrolü yoğunluk,yolcu_hizmetleri,8,complaint,3,P3,2,cok_kisa,relabel:openrouter
Bilgi ekranı boş,sinyalizasyon_haberlesme,3,fault_report,0,P3,2,cok_kisa,relabel:openrouter
Acil durum anonsu,guvenlik_asayis_olay,9,incident_report,1,P1,0,cok_kisa,relabel:openrouter
Yolcu çekilme engeli,arac_tren,2,fault_report,0,P3,2,cok_kisa,relabel:openrouter
Sefer seyreltilmiş akşam,yolcu_hizmetleri,8,complaint,3,P4,3,cok_kisa,relabel:openrouter
Asansör yönlendirme işaret,yolcu_hizmetleri,8,fault_report,0,P3,2,cok_kisa,relabel:openrouter
Engelli yolcu rampası,mekanik_istasyon,0,fault_report,0,P3,2,cok_kisa,relabel:openrouter
Bisiklet taşıma reddi,yolcu_hizmetleri,8,complaint,3,P4,3,cok_kisa,relabel:openrouter
Güvenlik kontrolü gecikme,istasyon_guvenlik,6,complaint,3,P3,2,cok_kisa,relabel:openrouter
Yolcu şikayeti kayıt,yolcu_hizmetleri,8,complaint,3,P4,3,cok_kisa,relabel:openrouter
Servis başlangıcı gecikti,yolcu_hizmetleri,8,complaint,3,P2,1,cok_kisa,relabel:openrouter
Son sefer kalkış,yolcu_hizmetleri,8,information_request,2,P4,3,cok_kisa,relabel:openrouter
Yolcu kaçağı cezası,guvenlik_asayis_olay,9,incident_report,1,P3,2,cok_kisa,relabel:openrouter
Bilet iade talebi,elektronik_sistemler,4,information_request,2,P4,3,cok_kisa,relabel:openrouter
Çocuk kaybı bildirildi,guvenlik_asayis_olay,9,incident_report,1,P1,0,cok_kisa,relabel:openrouter
Yolcu eşyası peron,guvenlik_asayis_olay,9,incident_report,1,P3,2,cok_kisa,relabel:openrouter
Kapı arası sıkışma,guvenlik_asayis_olay,9,incident_report,1,P1,0,cok_kisa,relabel:openrouter
Yolcu alkollü müdahale,guvenlik_asayis_olay,9,incident_report,1,P1,0,cok_kisa,relabel:openrouter
Hava durumu sefer,yolcu_hizmetleri,8,information_request,2,P4,3,cok_kisa,relabel:openrouter
Yolcu paniği peron,guvenlik_asayis_olay,9,incident_report,1,P1,0,cok_kisa,relabel:openrouter
Bilgi deskiboş personel,yolcu_hizmetleri,8,complaint,3,P3,2,cok_kisa,relabel:openrouter
Sefer birleştirme kararı,yolcu_hizmetleri,8,information_request,2,P3,2,cok_kisa,relabel:openrouter
Sefer gecikmesi Kirazlı,yolcu_hizmetleri,8,complaint,3,P3,2,cok_kisa,relabel:openrouter
Anons yapilmadi Yenikapi,yolcu_hizmetleri,8,complaint,3,P3,2,cok_kisa,relabel:openrouter
Peron kalabaligi Uzuncayir,yolcu_hizmetleri,8,information_request,2,P3,2,cok_kisa,relabel:openrouter
Yolcu yonlendirme hatasi Atakoy,yolcu_hizmetleri,8,fault_report,0,P3,2,cok_kisa,relabel:openrouter
Sefer iptal yazdirilmedi,yolcu_hizmetleri,8,fault_report,0,P3,2,cok_kisa,relabel:openrouter
Personel eksikligi sefer,yolcu_hizmetleri,8,fault_report,0,P2,1,cok_kisa,relabel:openrouter
Kapi kapatilamadi gecikme,arac_tren,2,fault_report,0,P2,1,cok_kisa,relabel:openrouter
Yanlis yon anonsu,yolcu_hizmetleri,8,fault_report,0,P3,2,cok_kisa,relabel:openrouter
Gecikme nedeni bilinmiyor,yolcu_hizmetleri,8,information_request,2,P4,3,cok_kisa,relabel:openrouter
Yolcu dusmesi müdahale,guvenlik_asayis_olay,9,incident_report,1,P1,0,cok_kisa,relabel:openrouter
Biletmatik ucret almiyor,elektronik_sistemler,4,fault_report,0,P3,2,cok_kisa,relabel:openrouter
Taksim güney çıkış tavanından su damlaması başladı.,altyapi_insaat,10,fault_report,0,P2,1,standart,relabel:openrouter
Yenikapı Marmaray transfer tüneli segment arası sızıntısı.,altyapi_insaat,10,fault_report,0,P2,1,standart,relabel:openrouter
Şişhane peron duvar fayanslarda çoklu çatlak tespit edildi.,altyapi_insaat,10,fault_report,0,P3,2,standart,relabel:openrouter
Vezneciler bilet holü zeminde çökme ve çatlak.,altyapi_insaat,10,fault_report,0,P2,1,standart,relabel:openrouter
Gayrettepe M2 peron korkuluk bağlantı demiri söküldü.,altyapi_insaat,10,fault_report,0,P2,1,standart,relabel:openrouter
Ayrılıkçeşme tünel drenaj borusu tıkanıklığı sel basmasına neden oldu.,altyapi_insaat,10,fault_report,0,P2,1,standart,relabel:openrouter
Kadıköy istasyon asansör kuyusuna yeraltı suyu girdi.,altyapi_insaat,10,fault_report,0,P2,1,standart,relabel:openrouter
Üsküdar M5 tüneli duvarından basınçlı su sıçraması.,altyapi_insaat,10,fault_report,0,P1,0,standart,relabel:openrouter
Levent M6 peron tavanında sıva dökülmesi raporlandı.,altyapi_insaat,10,fault_report,0,P1,0,standart,relabel:openrouter
İTÜ-Ayazağa güney merdiven basamağı kırık ve çökük.,altyapi_insaat,10,fault_report,0,P3,2,standart,relabel:openrouter
Hacıosman tünel döşeme fayanslarda yer yer patlamalar var.,altyapi_insaat,10,fault_report,0,P3,2,standart,relabel:openrouter
Atatürk Oto Sanayi peron duvarı nemlenme ve küflenme.,altyapi_insaat,10,fault_report,0,P3,2,standart,relabel:openrouter
Zeytinburnu geçiş merdiveni korkuluk sabitlemesi kopuk durumda.,altyapi_insaat,10,fault_report,0,P2,1,standart,relabel:openrouter
Bağcılar Meydan tünel invert betonunda çatlak ilerlemesi.,altyapi_insaat,10,fault_report,0,P2,1,standart,relabel:openrouter
Kirazlı M3 peron tavan panosu su ile çöktü.,altyapi_insaat,10,fault_report,0,P1,0,standart,relabel:openrouter
Olimpiyat istasyon giriş katı zeminde su birikmesi.,altyapi_insaat,10,fault_report,0,P2,1,standart,relabel:openrouter
Mahmutbey M7 tüneli segment contası su geçiriyor.,altyapi_insaat,10,fault_report,0,P2,1,standart,relabel:openrouter
Başakşehir peron duvarında inşaat kalite kusuru çatlak.,altyapi_insaat,10,fault_report,0,P3,2,standart,relabel:openrouter
Bostancı Marmaray transfer koridoru tavanından yağmur suyu.,altyapi_insaat,10,fault_report,0,P2,1,standart,relabel:openrouter
Kartal M4 peron zemini alt yapı nedenli çökme.,altyapi_insaat,10,fault_report,0,P1,0,standart,relabel:openrouter
Tavşantepe tünel havalandırma şaftı etrafından su sızıntısı.,altyapi_insaat,10,fault_report,0,P2,1,standart,relabel:openrouter
Pendik istasyon kuzey çıkış merdiveni basamakları sökülmüş.,altyapi_insaat,10,fault_report,0,P2,1,standart,relabel:openrouter
Sabiha Gökçen M4 tünel duvar fayans dökülmeleri devam ediyor.,altyapi_insaat,10,fault_report,0,P2,1,standart,relabel:openrouter
Ümraniye M8 peron tavan panosu su hasarı aldı.,altyapi_insaat,10,fault_report,0,P3,2,standart,relabel:openrouter
Çekmeköy tünel döşemesinde çatlak ve su çıkışı.,altyapi_insaat,10,fault_report,0,P2,1,standart,relabel:openrouter
Sultanbeyli M8 viyadük dilatasyon boşluğundan su kaçağı.,altyapi_insaat,10,fault_report,0,P2,1,standart,relabel:openrouter
Dudullu M5 peron duvarına monte panonun kopması.,altyapi_insaat,10,fault_report,0,P2,1,standart,relabel:openrouter
Dudullu asansör kuyusunda su birikmesi tespit edildi.,altyapi_insaat,10,fault_report,0,P2,1,standart,relabel:openrouter
İMES viyadük kolumu alt geçit tavanı sızıntılı.,altyapi_insaat,10,fault_report,0,P2,1,standart,relabel:openrouter
Göztepe M4 peron zemin döşemesi fayans kalkması.,altyapi_insaat,10,fault_report,0,P3,2,standart,relabel:openrouter
Kozyatağı tünel duvarından mineral birikimli su akışı.,altyapi_insaat,10,fault_report,0,P2,1,standart,relabel:openrouter
Yenisahra istasyon geçiş katı tavan sıva dökülmesi.,altyapi_insaat,10,fault_report,0,P2,1,standart,relabel:openrouter
Kocamustafapaşa Marmaray peron tavanından sürekli damlama.,altyapi_insaat,10,fault_report,0,P2,1,standart,relabel:openrouter
Sirkeci Marmaray tünel segment arası jelatinöz su çıkışı.,altyapi_insaat,10,fault_report,0,P2,1,standart,relabel:openrouter
Kazlıçeşme Marmaray güney başlangıç duvar çatlak genişlemesi.,altyapi_insaat,10,fault_report,0,P2,1,standart,relabel:openrouter
Bakırköy Marmaray peron korkuluk direği betondan kırık.,altyapi_insaat,10,fault_report,0,P2,1,standart,relabel:openrouter
Ataköy Marmaray tünel drenaj kanalı çamurla tıklı.,altyapi_insaat,10,fault_report,0,P2,1,standart,relabel:openrouter
Yenibosna M1 peron duvar fayanslarda beyazlatma ve çatlak.,altyapi_insaat,10,fault_report,0,P3,2,standart,relabel:openrouter
İkitelli M9 tünel invert betonunda çatlak ve sızıntı.,altyapi_insaat,10,fault_report,0,P2,1,standart,relabel:openrouter
Ziya Gökalp M9 istasyon giriş katı zemin çökmesi.,altyapi_insaat,10,fault_report,0,P1,0,standart,relabel:openrouter
Şişli istasyon bilet holü tavan panellerinde su birikmesi ve sızıntı tespit edildi.,altyapi_insaat,10,fault_report,0,P2,1,standart,relabel:openrouter
Levent M2 peron duvarında fayans dökülmeleri ve arkasında nemlenme gözleniyor.,altyapi_insaat,10,fault_report,0,P2,1,standart,relabel:openrouter
Uzunçayır istasyon giriş koridoru zemin dilatasyonundan su çıkışı artıyor.,altyapi_insaat,10,fault_report,0,P2,1,standart,relabel:openrouter
Kirazlı M3 tünel segment aralarından sürekli su damlaması devam ediyor.,altyapi_insaat,10,fault_report,0,P2,1,standart,relabel:openrouter
"Yenikapı Marmaray transfer merdiveni basamak kaplamaları sökülmüş, beton aşındı.",altyapi_insaat,10,fault_report,0,P2,1,standart,relabel:openrouter
Ayrılıkçeşme M4 peron tavanından betonarme taşkınlığı ve demir gondajı görünüyor.,altyapi_insaat,10,fault_report,0,P1,0,standart,relabel:openrouter
Gayrettepe M11 çıkış yapısı duvarında dikey çatlak ve sıva dökülmesi var.,altyapi_insaat,10,fault_report,0,P2,1,standart,relabel:openrouter
Kadıköy M4 tüneli invert döşemesinde çatlak ve su basıncı ile çıkış mevcut.,altyapi_insaat,10,fault_report,0,P2,1,standart,relabel:openrouter
"Mahmutbey M7 istasyon asansör kuyusu drenaj pomrası arızalı, su birikiyor.",altyapi_insaat,10,fault_report,0,P2,1,standart,relabel:openrouter
Bağcılar Meydan peron duvar korkuluğu beton kırılması nedeniyle devrilme riski taşıyor.,altyapi_insaat,10,fault_report,0,P1,0,standart,relabel:openrouter
Vezneciler güney çıkış tavanından su damlıyor,altyapi_insaat,10,fault_report,0,P3,2,devrik,relabel:openrouter
Ataköy bilet holü duvar sıvası dökülüyor,altyapi_insaat,10,fault_report,0,P3,2,devrik,relabel:openrouter
Şişhane kuzey geçit tavan paneli çatlak,altyapi_insaat,10,fault_report,0,P3,2,devrik,relabel:openrouter
Mecidiyeköy M7 tünel duvarı nemlenme var,altyapi_insaat,10,fault_report,0,P3,2,devrik,relabel:openrouter
Yenikapı marmaray bağlantı merdiven basamağı kırık,altyapi_insaat,10,fault_report,0,P3,2,devrik,relabel:openrouter
Levent M2 viyadukt ray altı betonu çatlak,altyapi_insaat,10,fault_report,0,P2,1,devrik,relabel:openrouter
Gayrettepe çıkış koridoru fayanslar sökülüyor,altyapi_insaat,10,fault_report,0,P3,2,devrik,relabel:openrouter
Kağıthane tünel içi drenaj tıkanıklığı yaşanıyor,altyapi_insaat,10,fault_report,0,P2,1,devrik,relabel:openrouter
Beşiktaş kazı alanı zeminde çökme gözlemlendi,altyapi_insaat,10,fault_report,0,P1,0,devrik,relabel:openrouter
Mahmutbey bilet matik duvarı yanında çatlak,altyapi_insaat,10,fault_report,0,P3,2,devrik,relabel:openrouter
Esenler otobüs terminali geçişi tavanda yağmur suyu,altyapi_insaat,10,fault_report,0,P3,2,devrik,relabel:openrouter
Oturakçı tünel arka duvarında sızıntı devam ediyor,altyapi_insaat,10,fault_report,0,P2,1,devrik,relabel:openrouter
Kirazlı depoya gidiş yolu merdiveni çökmüş,altyapi_insaat,10,fault_report,0,P1,0,devrik,relabel:openrouter
Bağcılar Meydan çıkış korkuluğu betondan kopmuş,altyapi_insaat,10,fault_report,0,P2,1,devrik,relabel:openrouter
Topkapı geçiş katı duvar altı ıslak,altyapi_insaat,10,fault_report,0,P3,2,devrik,relabel:openrouter
Emniyet-Fatih tünel tavanından kaçak var,altyapi_insaat,10,fault_report,0,P2,1,devrik,relabel:openrouter
Aksaray yönlü tünel duvarında alg oluşumu,altyapi_insaat,10,fault_report,0,P4,3,devrik,relabel:openrouter
Haliç metrobüs geçişi merdiven kaplaması söküldü,altyapi_insaat,10,fault_report,0,P3,2,devrik,relabel:openrouter
Sıhhiye alt geçit tavan koruganı döküldü,altyapi_insaat,10,fault_report,0,P2,1,devrik,relabel:openrouter
Kızılay M4 peron duvarında şırıltılı sızıntı,altyapi_insaat,10,fault_report,0,P1,0,devrik,relabel:openrouter
Demetevler çıkış merdiveni son basamak kırık,altyapi_insaat,10,fault_report,0,P3,2,devrik,relabel:openrouter
Hastane-Adliye tünel ray arası betonarme çatlak,altyapi_insaat,10,fault_report,0,P2,1,devrik,relabel:openrouter
Soğanlık yeni istasyon asansör hücresi ıslak,altyapi_insaat,10,fault_report,0,P2,1,devrik,relabel:openrouter
Kartal yönlü viyadukt direk altı beton hasarlı,altyapi_insaat,10,fault_report,0,P2,1,devrik,relabel:openrouter
Tavşantepe geçiş koridoru zemin fayansı patladı,altyapi_insaat,10,fault_report,0,P3,2,devrik,relabel:openrouter
Pendik marmaray bağlantı rampasında su birikiyor,altyapi_insaat,10,fault_report,0,P2,1,devrik,relabel:openrouter
Yakacık-Adliye tünel havalandırma şaftı sızıntılı,altyapi_insaat,10,fault_report,0,P2,1,devrik,relabel:openrouter
Çekmeköy son istasyon tavan paneli devrildi,altyapi_insaat,10,fault_report,0,P1,0,devrik,relabel:openrouter
Ümraniye M5 peron duvarı sıva dökülmesi,altyapi_insaat,10,fault_report,0,P3,2,devrik,relabel:openrouter
Çarşı giriş merdiveni betonarme çatladı,altyapi_insaat,10,fault_report,0,P2,1,devrik,relabel:openrouter
Yamanevler çıkış catlası altından su geliyor,altyapi_insaat,10,fault_report,0,P3,2,devrik,relabel:openrouter
Atakent bilet holü tavanında nem lekesi,altyapi_insaat,10,fault_report,0,P4,3,devrik,relabel:openrouter
Bahariye geçidi duvar fayansı kırık parça var,altyapi_insaat,10,fault_report,0,P3,2,devrik,relabel:openrouter
Kozyatağı M8 tünel drenaj borusu tıklı,altyapi_insaat,10,fault_report,0,P2,1,devrik,relabel:openrouter
İçerenköy asansör kuyu pompa çalışmıyor su doldu,altyapi_insaat,10,fault_report,0,P2,1,devrik,relabel:openrouter
Altunizade M5-M12 geçiş koridoru tavanı ıslak,altyapi_insaat,10,fault_report,0,P3,2,devrik,relabel:openrouter
Kozyatağı peron arkası duvar çatlak büyüdü,altyapi_insaat,10,fault_report,0,P2,1,devrik,relabel:openrouter
Bostancı marmaray geçiş merdiveni basamak söküldü,altyapi_insaat,10,fault_report,0,P3,2,devrik,relabel:openrouter
Küçükyalı tünel duvarında mineralleşme ve nem,altyapi_insaat,10,fault_report,0,P4,3,devrik,relabel:openrouter
Maltepe istasyon güney kafes korkuluk kırık,altyapi_insaat,10,fault_report,0,P3,2,devrik,relabel:openrouter
Huzurevi çıkış catlası suyu içeri kaçıyor,altyapi_insaat,10,fault_report,0,P3,2,devrik,relabel:openrouter
Güzelyalı yönlü viyadukt dilasyon suyu alıyor,altyapi_insaat,10,fault_report,0,P3,2,devrik,relabel:openrouter
Kartal tünel duvarından su sızıntısı,altyapi_insaat,10,fault_report,0,P3,2,devrik,relabel:openrouter
Sanayi Mahallesi peron duvarı fayans dökülüyor,altyapi_insaat,10,fault_report,0,P1,0,devrik,relabel:openrouter
Esenler çıkış merdiveni basamak betonu kırık,altyapi_insaat,10,fault_report,0,P3,2,devrik,relabel:openrouter
Kadıköy bilet holü mazgal tıkanıklığı su birikti,altyapi_insaat,10,fault_report,0,P3,2,devrik,relabel:openrouter
Gayrettepe tavan panel aralığından yağmur suyu,altyapi_insaat,10,fault_report,0,P3,2,devrik,relabel:openrouter
Yenikapı yönlendirme duvarı çatlak ilerliyor,altyapi_insaat,10,fault_report,0,P1,0,devrik,relabel:openrouter
Üsküdar asansör kuyusu su doldu pompa arızalı,altyapi_insaat,10,fault_report,0,P1,0,devrik,relabel:openrouter
Hacıosman peron korkuluk duvardan söküldü,altyapi_insaat,10,fault_report,0,P1,0,devrik,relabel:openrouter
bagcilar istasyon tunel duvarindan su damliyo,altyapi_insaat,10,fault_report,0,P3,2,yazim_yanlisi,relabel:openrouter
kartal peron tavan siva dokulmesi basladi,altyapi_insaat,10,fault_report,0,P1,0,yazim_yanlisi,relabel:openrouter
taksim transfer koridor zeminde buyuk cukur olustu,altyapi_insaat,10,fault_report,0,P1,0,yazim_yanlisi,relabel:openrouter
topkapi asansor kuyusuna yagmur suyu giris yapti,altyapi_insaat,10,fault_report,0,P1,0,yazim_yanlisi,relabel:openrouter
sisli peron duvar fayanslari patlayarak dusuyor,altyapi_insaat,10,fault_report,0,P1,0,yazim_yanlisi,relabel:openrouter
mecidiyekoy m2 tunel segment arasi sizintisi artiyor,altyapi_insaat,10,fault_report,0,P2,1,yazim_yanlisi,relabel:openrouter
kadikoy ust gecit korkuluk baglanti demiri kopuk,altyapi_insaat,10,fault_report,0,P1,0,yazim_yanlisi,relabel:openrouter
yenikapi marmaray giris merdiven basamak betonu ctlak,altyapi_insaat,10,fault_report,0,P3,2,yazim_yanlisi,relabel:openrouter
haciosman istasyon tavan panelinden su birikmesi var,altyapi_insaat,10,fault_report,0,P2,1,yazim_yanlisi,relabel:openrouter
levent peron kenari drenaj tikanik su tasmasi,altyapi_insaat,10,fault_report,0,P2,1,yazim_yanlisi,relabel:openrouter
gayrettepe tavan izolasyon hasari nemlenme yayiliyor,altyapi_insaat,10,fault_report,0,P3,2,yazim_yanlisi,relabel:openrouter
kagithane cikis yolundaki duvar siva dokumu,altyapi_insaat,10,fault_report,0,P3,2,yazim_yanlisi,relabel:openrouter
mahmutbey peron zemin dilatasyon catlasi genisliyor,altyapi_insaat,10,fault_report,0,P1,0,yazim_yanlisi,relabel:openrouter
kirazli asansor kapi ondu duvar sizinti alg,altyapi_insaat,10,fault_report,0,P3,2,yazim_yanlisi,relabel:openrouter
olimpiyat tunel ici ray temeli cokme belirtisi,altyapi_insaat,10,fault_report,0,P1,0,yazim_yanlisi,relabel:openrouter
basaksehir istasyon tuvalet girisi tavan damlasi,altyapi_insaat,10,fault_report,0,P4,3,yazim_yanlisi,relabel:openrouter
ataturk havalimani park yeri rampada beton curumesi,altyapi_insaat,10,fault_report,0,P3,2,yazim_yanlisi,relabel:openrouter
ayrilikcesme tunel fan odasi duvar catlagi,altyapi_insaat,10,fault_report,0,P2,1,yazim_yanlisi,relabel:openrouter
4 levent peron duvar zeminde buyuk nem lekesi,altyapi_insaat,10,fault_report,0,P3,2,yazim_yanlisi,relabel:openrouter
uskudar metro merdiven basamak alt kapagi sokuldu,altyapi_insaat,10,fault_report,0,P3,2,yazim_yanlisi,relabel:openrouter
vezneciler peron tavan betonarme donati gorunuyor,altyapi_insaat,10,fault_report,0,P1,0,yazim_yanlisi,relabel:openrouter
sishane peron duvar zemin catlak buyuyor,altyapi_insaat,10,fault_report,0,P1,0,yazim_yanlisi,relabel:openrouter
bagcilar yon peron kenari gider kapagi kalkik,altyapi_insaat,10,fault_report,0,P2,1,yazim_yanlisi,relabel:openrouter
kartal istasyon giris cikis cam kenari sizinti,altyapi_insaat,10,fault_report,0,P3,2,yazim_yanlisi,relabel:openrouter
halic istasyon tavan isotma borusu siziyor,altyapi_insaat,10,fault_report,0,P3,2,yazim_yanlisi,relabel:openrouter
haciosman depo giris rampada zemin cokmesi,altyapi_insaat,10,fault_report,0,P1,0,yazim_yanlisi,relabel:openrouter
levent koridor duvar fayans dokme tehlikesi,altyapi_insaat,10,fault_report,0,P1,0,yazim_yanlisi,relabel:openrouter
gayrettepe asansor kuyu pompasi calismiyo su doldu,altyapi_insaat,10,fault_report,0,P1,0,yazim_yanlisi,relabel:openrouter
kagithane tunel havalandirma kanali duvar catlagi,altyapi_insaat,10,fault_report,0,P2,1,yazim_yanlisi,relabel:openrouter
mahmutbey peron sonu duvar zemin ayrildi,altyapi_insaat,10,fault_report,0,P1,0,yazim_yanlisi,relabel:openrouter
kirazli istasyon tuvalet lavabo alt sifon siziyor,altyapi_insaat,10,fault_report,0,P3,2,yazim_yanlisi,relabel:openrouter
olimpiyat peron zemin seramik sokme alt beton catlak,altyapi_insaat,10,fault_report,0,P2,1,yazim_yanlisi,relabel:openrouter
basaksehir metrobus aktarma merdiven korkuluk vidasiz,altyapi_insaat,10,fault_report,0,P3,2,yazim_yanlisi,relabel:openrouter
ataturk havalimani tunel giris kapak tasi cokmesi,altyapi_insaat,10,fault_report,0,P1,0,yazim_yanlisi,relabel:openrouter
4 levent yolgecidi tavan panel sokulme riski,altyapi_insaat,10,fault_report,0,P1,0,yazim_yanlisi,relabel:openrouter
mecidiyekoy peron 2 duvar altinda su birikintisi,altyapi_insaat,10,fault_report,0,P3,2,yazim_yanlisi,relabel:openrouter
ayrilikcesme koridor tavan panel sokulme riski,altyapi_insaat,10,fault_report,0,P1,0,yazim_yanlisi,relabel:openrouter
topkapi marmaray koridor duvar boyasi kabaridi,altyapi_insaat,10,fault_report,0,P3,2,yazim_yanlisi,relabel:openrouter
universite aktarma tavan izgara dusmesi bugun,altyapi_insaat,10,fault_report,0,P1,0,yazim_yanlisi,relabel:openrouter
sishane yuruyen merdiven basamak plakasi kopuk,mekanik_istasyon,0,fault_report,0,P3,2,yazim_yanlisi,relabel:openrouter
taksim gunc cikis koridor tavan damlasi basladi,altyapi_insaat,10,fault_report,0,P3,2,yazim_yanlisi,relabel:openrouter
kartal peron duvar fayans parcalari yere dusu,altyapi_insaat,10,fault_report,0,P1,0,yazim_yanlisi,relabel:openrouter
sisli bilet holu zeminde buyuk cukur oluustu,altyapi_insaat,10,fault_report,0,P1,0,yazim_yanlisi,relabel:openrouter
sirinevler tunel duvar betonarme donati gorunuyor,altyapi_insaat,10,fault_report,0,P2,1,yazim_yanlisi,relabel:openrouter
levent asansor kuyusuna su doldu acil mudahale,altyapi_insaat,10,fault_report,0,P1,0,yazim_yanlisi,relabel:openrouter
mecidiyekoy transfer merdiven basamak betonu ctlak,altyapi_insaat,10,fault_report,0,P3,2,yazim_yanlisi,relabel:openrouter
yenikapi marmaray peron kenari gider kapagi acik,altyapi_insaat,10,fault_report,0,P3,2,yazim_yanlisi,relabel:openrouter
atakoy istasyon alt kat duvardan su sizintisi,altyapi_insaat,10,fault_report,0,P3,2,yazim_yanlisi,relabel:openrouter
halkali viyadukt ray alt beton ctlak buyudu,yol_yapisal,5,fault_report,0,P2,1,yazim_yanlisi,relabel:openrouter
ayrilikcesme tunel segment arasi su basinci yuksek,altyapi_insaat,10,fault_report,0,P2,1,yazim_yanlisi,relabel:openrouter
Merdiven basamak betonu çatlak,altyapi_insaat,10,fault_report,0,P3,2,cok_kisa,relabel:openrouter
Tünel segment arası su sızıntısı,altyapi_insaat,10,fault_report,0,P2,1,cok_kisa,relabel:openrouter
Peron duvarı fayans dökülmesi,altyapi_insaat,10,fault_report,0,P1,0,cok_kisa,relabel:openrouter
Tavan sıva parçası yere düştü,altyapi_insaat,10,fault_report,0,P1,0,cok_kisa,relabel:openrouter
Asansör kuyusu su birikintisi,altyapi_insaat,10,fault_report,0,P2,1,cok_kisa,relabel:openrouter
Drenaj mazgalı tıkanıklığı ve taşma,altyapi_insaat,10,fault_report,0,P2,1,cok_kisa,relabel:openrouter
Ray altı betonarme kırılması,yol_yapisal,5,fault_report,0,P2,1,cok_kisa,relabel:openrouter
Koridor duvarı nemlenme ve höveleşme,altyapi_insaat,10,fault_report,0,P4,3,cok_kisa,relabel:openrouter
Çıkış merdiveni korkuluk bağlantısı söküldü,altyapi_insaat,10,fault_report,0,P3,2,cok_kisa,relabel:openrouter
Zemin dilatasyon kapakları kalkmış,altyapi_insaat,10,fault_report,0,P3,2,cok_kisa,relabel:openrouter
YM-12 peron tavanı damlıyor,altyapi_insaat,10,fault_report,0,P3,2,cok_kisa,relabel:openrouter
Bilet matik duvarı çatlaklı,altyapi_insaat,10,fault_report,0,P3,2,cok_kisa,relabel:openrouter
Tünel içi ıslaklık yayılıyor,altyapi_insaat,10,fault_report,0,P2,1,cok_kisa,relabel:openrouter
Servis tüneli su pompası arızalı,altyapi_insaat,10,fault_report,0,P2,1,cok_kisa,relabel:openrouter
Mezanin katı zemin çökmesi,altyapi_insaat,10,fault_report,0,P1,0,cok_kisa,relabel:openrouter
Yangın musluğu nişanı duvardan kopuk,altyapi_insaat,10,fault_report,0,P4,3,cok_kisa,relabel:openrouter
Peron uç kaplama taşları sökülmüş,altyapi_insaat,10,fault_report,0,P1,0,cok_kisa,relabel:openrouter
Asansör kat kapı çerçevesi çatlak,mekanik_istasyon,0,fault_report,0,P3,2,cok_kisa,relabel:openrouter
Kanalizasyon revizyonu kapak eksik,altyapi_insaat,10,fault_report,0,P1,0,cok_kisa,relabel:openrouter
Tünel havalandırma kanalı sızıntı,altyapi_insaat,10,fault_report,0,P2,1,cok_kisa,relabel:openrouter
Maslak çıkış merdivenlerinde dökülen yağlı gıda kalıntısı kayganlık yaratıyor.,temizlik,7,fault_report,0,P1,0,standart,relabel:openrouter
Osmanbey istasyonunda gece vardiyası tuvalet kontrolünde temizlik eksikliği tespit edildi.,temizlik,7,fault_report,0,P4,3,standart,relabel:openrouter
"Şişli-Mecidiyeköy B2 girişinde kemirgen izdüşümü, kablo kanallarına giriş önlenmeli.",temizlik,7,fault_report,0,P3,2,standart,relabel:openrouter
"Levent peron sonundaki çöp kovası yanmış, çöpler yelken yapmış durumda.",istasyon_guvenlik,6,incident_report,1,P2,1,standart,relabel:openrouter
"4. Levent koridorunda dökülen kahve lekesi kurumuş, çizdirme ile temizlenecek.",temizlik,7,fault_report,0,P4,3,standart,relabel:openrouter
"Mahmutbey M7 peronunda tuvalet kabini içinde kusmuk, acil müdahale gerekiyor.",temizlik,7,fault_report,0,P3,2,standart,relabel:openrouter
"Kirazlı istasyonu geçiş katında haşere sürüleri uçuşuyor, ilaçlama programlanacak.",temizlik,7,fault_report,0,P4,3,standart,relabel:openrouter
"Yenibosna güney çıkış merdivenlerinde buzlanma var, tuzlama ekibi çağrıldı.",temizlik,7,fault_report,0,P1,0,standart,relabel:openrouter
"Oturakçı peronunda çöpler rüzgârla uçuşuyor, konteyner kapakları kapanmıyor.",temizlik,7,fault_report,0,P4,3,standart,relabel:openrouter
"Ataköy-Shirinevler istasyonunda duvara boyalı yazı, temizlik ekibi bilgilendirildi.",temizlik,7,fault_report,0,P4,3,standart,relabel:openrouter
"Zeytinburnu mezzanin tuvaletlerinde sabun dağıtıcı boş, kâğıt da bitmiş.",temizlik,7,fault_report,0,P4,3,standart,relabel:openrouter
"Bakırköy-Sahil peronunda dökülen şarap lekesi kokuyor, kimyasal temizlik lazım.",temizlik,7,fault_report,0,P4,3,standart,relabel:openrouter
"Bahçelievler giriş katında çöp konteyneri çevresi kirli, boşaltma gecikmiş.",temizlik,7,fault_report,0,P4,3,standart,relabel:openrouter
"Kocatepe istasyonu tünel içinde kemirgen fecesleri görüldü, hijyen riski var.",temizlik,7,fault_report,0,P4,3,standart,relabel:openrouter
Sağmalcılar çıkış merdiven basamaklarında dökülen yağ kayganlık yapıyor.,temizlik,7,fault_report,0,P1,0,standart,relabel:openrouter
"Aksaray geçiş koridorunda sığara izmariti kokusu yoğun, havalandırma yetmiyor.",temizlik,7,complaint,3,P4,3,standart,relabel:openrouter
"Emniyet-Fatih istasyonu tuvaletlerinde pislik birikimi, periyodik temizlik atlanmış.",temizlik,7,complaint,3,P4,3,standart,relabel:openrouter
"Topkapı-Ulubatlı peron kenarında çöp yığını, konteyner eksikliği hissediliyor.",temizlik,7,complaint,3,P4,3,standart,relabel:openrouter
"Bayrampaşa-Maltepe girişinde buzlanma riski, gece ekibi tuzlama unutmuş.",temizlik,7,fault_report,0,P1,0,standart,relabel:openrouter
Sağmalcılar peron duvarına spray boyası ile çizim yapılmış.,temizlik,7,fault_report,0,P4,3,standart,relabel:openrouter
Haliç metro köprüsü giriş katında güvercin dışkileri ve tüyleri birikmiş.,temizlik,7,fault_report,0,P4,3,standart,relabel:openrouter
Vezneciler istasyonu tuvalet lavabo altına dökülen sıvı kokuyor.,temizlik,7,fault_report,0,P4,3,standart,relabel:openrouter
"Menderes peronunda çöp kovası taraması yapıldı, içi boşaltılacak.",temizlik,7,fault_report,0,P4,3,standart,relabel:openrouter
"Gültepe çıkışında dondurma dökülmüş, zemin yapışkan ve karalı durumda.",temizlik,7,fault_report,0,P4,3,standart,relabel:openrouter
"Alibeyköy Cep Otogarı tuvaletlerinde temizlik malzemesi tükenmiş, tedarik bekleniyor.",temizlik,7,fault_report,0,P4,3,standart,relabel:openrouter
"Çobançeşme istasyonu peronunda fare izi takip edildi, tuzak yerleştirildi.",temizlik,7,fault_report,0,P4,3,standart,relabel:openrouter
Mahmutbey M3 geçiş katında dökülen yağlı gıda temizlenmedi.,temizlik,7,complaint,3,P1,0,standart,relabel:openrouter
"Esenler buzlanmış merdivenler, yolcu düşme şikayeti geldi, tuzlama acil.",guvenlik_asayis_olay,9,incident_report,1,P1,0,standart,relabel:openrouter
"Molla Gürani tuvalet kapısı kilitleyici bozuk değil, içi pislikten kullanılamıyor.",temizlik,7,fault_report,0,P4,3,standart,relabel:openrouter
Adliye istasyonu mezzanininde çöp kovası çevresi plastik bardaklarla dolu.,temizlik,7,fault_report,0,P4,3,standart,relabel:openrouter
"Kartal peron sonundaki çöp konteyneri kapaklı, ama çöp üstünde yığılmış.",temizlik,7,fault_report,0,P4,3,standart,relabel:openrouter
Pendik istasyonu geçişinde dökülen meyve suyu mide bulandırıcısı kokuyor.,temizlik,7,incident_report,1,P4,3,standart,relabel:openrouter
"Tavşantepe çıkış merdivenlerinde buzlanma, tuzlama yapıldı ama eriyen su dondu.",istasyon_guvenlik,6,incident_report,1,P1,0,standart,relabel:openrouter
"Yakacık-Adnan Kahveci istasyonunda tuvalet musluğu akmıyor, ama lavabo kirli.",altyapi_insaat,10,fault_report,0,P3,2,standart,relabel:openrouter
"Pendik peronunda sigara izmariti ve kabuk birikimi, süpürme gerekli.",temizlik,7,fault_report,0,P4,3,standart,relabel:openrouter
"Kartal mezzanin tuvaletlerinde koku giderici tükenmiş, havalandırma yetersiz kalmış.",temizlik,7,complaint,3,P4,3,standart,relabel:openrouter
"Hacıosman istasyonu kuzey girişinde dökülen kola zemini kayganlaştırdı, temizlik ekibi çağrıldı.",temizlik,7,incident_report,1,P4,3,standart,relabel:openrouter
"Şişhane mezzanin bilet holünde çöp kovası taşmış, katlı ambalajlar yere yayılmış durumda.",temizlik,7,fault_report,0,P4,3,standart,relabel:openrouter
Kartal istasyonu peron sonundaki bank arkasında birikmiş çöp ve haşere tespit edildi.,temizlik,7,fault_report,0,P4,3,standart,relabel:openrouter
Şirinevler geçiş koridorunda duvara yapılmış grafiti çizimleri temizlenmesi için rapor alındı.,temizlik,7,fault_report,0,P4,3,standart,relabel:openrouter
Basılamıyor yardım butonu mekanik aksam takılmış 2. peron.,sinyalizasyon_haberlesme,3,fault_report,0,P3,2,devrik,relabel:openrouter
Kapatılmış kamera önü reklam panosuyla Levent istasyonunda.,istasyon_guvenlik,6,fault_report,0,P3,2,devrik,relabel:openrouter
Düşmüş yangın tesisat boru basıncı ana kontrol panelinde.,altyapi_insaat,10,fault_report,0,P1,0,devrik,relabel:openrouter
Geçti turnikeden kart basmadan iki kişi Taksim'de.,guvenlik_asayis_olay,9,incident_report,1,P3,2,devrik,relabel:openrouter
Bırakılmış sahipsiz sırt çantası tünel ağzında akşam.,guvenlik_asayis_olay,9,incident_report,1,P1,0,devrik,relabel:openrouter
Yapılmıyor çanta aramaları X-ray cihazı önünde Gayrettepe'de.,istasyon_guvenlik,6,complaint,3,P2,1,devrik,relabel:openrouter
Engellenmiş acil kaçış koridoru temizlik arabalarıyla Yenikapı'da.,istasyon_guvenlik,6,fault_report,0,P1,0,devrik,relabel:openrouter
Vermiyor görüntü peron içi CCTV kamerası dondu.,sinyalizasyon_haberlesme,3,fault_report,0,P3,2,devrik,relabel:openrouter
Çalıyor sebepsiz yangın ihbar butonu BSO-01 panosunda.,sinyalizasyon_haberlesme,3,fault_report,0,P2,1,devrik,relabel:openrouter
Girdi yetkisiz şahıs personel kapısından tünele doğru.,guvenlik_asayis_olay,9,incident_report,1,P1,0,devrik,relabel:openrouter
Kırılmış acil stop butonu koruma kapağı M2 peronunda.,sinyalizasyon_haberlesme,3,fault_report,0,P2,1,devrik,relabel:openrouter
Durmuyor güvenlik noktasında personel öğle saatlerinde Kadıköy'de.,istasyon_guvenlik,6,complaint,3,P3,2,devrik,relabel:openrouter
Basıncı sıfırlanmış yangın söndürme tüpünün A2 peronda.,istasyon_guvenlik,6,fault_report,0,P1,0,devrik,relabel:openrouter
Kilitlenmiyor acil tahliye kapısı otomasyona bağlı Şişhane'de.,mekanik_istasyon,0,fault_report,0,P1,0,devrik,relabel:openrouter
Görünmüyor peron sonu CCTV-04 kamerasında kararma var.,sinyalizasyon_haberlesme,3,fault_report,0,P3,2,devrik,relabel:openrouter
Atlıyor turnikelerden sürekli yolcular güvenlik yokken Bostancı'da.,istasyon_guvenlik,6,complaint,3,P3,2,devrik,relabel:openrouter
Duruyor sahipsiz valiz turnike bölgesinde yarım saattir.,guvenlik_asayis_olay,9,incident_report,1,P1,0,devrik,relabel:openrouter
Engelliyor yangın dolabına erişimi çöp konteynerleri Vezneciler'de.,istasyon_guvenlik,6,fault_report,0,P1,0,devrik,relabel:openrouter
Bozulmuş sarı çizgi lazer ikaz sistemi 1. peron.,sinyalizasyon_haberlesme,3,fault_report,0,P2,1,devrik,relabel:openrouter
Devriye gezmiyor güvenlik görevlileri bilet holünde hafta sonu.,istasyon_guvenlik,6,complaint,3,P3,2,devrik,relabel:openrouter
Çalışmıyor acil çağrı cihazı peron duvarındaki Otogar'da.,sinyalizasyon_haberlesme,3,fault_report,0,P2,1,devrik,relabel:openrouter
Sökülmüş CCTV kamerasının yön ayar vidası Ayrılık Çeşmesi'nde.,sinyalizasyon_haberlesme,3,fault_report,0,P3,2,devrik,relabel:openrouter
Unutulmuş kilitli vaziyette acil kaçış kapısı Mecidiyeköy'de.,mekanik_istasyon,0,fault_report,0,P1,0,devrik,relabel:openrouter
Dolaşıyor şüpheli şahıs tünel girişinde ray hattında.,guvenlik_asayis_olay,9,incident_report,1,P1,0,devrik,relabel:openrouter
Çalışmıyor duman algılama sensörleri teknik oda koridorunda.,sinyalizasyon_haberlesme,3,fault_report,0,P2,1,devrik,relabel:openrouter
Basamadı yolcu imdat butonuna mekanik arıza var.,sinyalizasyon_haberlesme,3,fault_report,0,P3,2,devrik,relabel:openrouter
Takılmış turnike kanadı açık şekilde kaçak geçişe uygun.,mekanik_istasyon,0,fault_report,0,P2,1,devrik,relabel:openrouter
Boş kalmış X-ray kontrol noktası yoğun saatte Üsküdar'da.,istasyon_guvenlik,6,complaint,3,P2,1,devrik,relabel:openrouter
Kapanmış yangın sprink başlığı boya çalışması sonrası Ataköy'de.,altyapi_insaat,10,fault_report,0,P1,0,devrik,relabel:openrouter
Kapanmıyor panik bar kapısı acil çıkışta tıkalı.,mekanik_istasyon,0,fault_report,0,P1,0,devrik,relabel:openrouter
Görmüyor kör noktayı CCTV-09 kamera pozisyonu hatalı.,sinyalizasyon_haberlesme,3,fault_report,0,P3,2,devrik,relabel:openrouter
Girdi yetkisiz kişiler hat bakım kapısından Kirazlı'da.,guvenlik_asayis_olay,9,incident_report,1,P1,0,devrik,relabel:openrouter
Basılmıyor acil durum butonu perondaki SOS-01 panosunda.,sinyalizasyon_haberlesme,3,fault_report,0,P2,1,devrik,relabel:openrouter
Açık kalmış acil çıkış kapısı Şirinevler güneyde.,istasyon_guvenlik,6,fault_report,0,P1,0,devrik,relabel:openrouter
Çalışmıyor turnike kamera açısı bilet holü alanında.,sinyalizasyon_haberlesme,3,fault_report,0,P3,2,devrik,relabel:openrouter
Bırakılmış şüpheli çanta Şişli üst kat merdivenlerinde.,guvenlik_asayis_olay,9,incident_report,1,P1,0,devrik,relabel:openrouter
Kilitli duruyor acil kaçış kapısı Bostancı peronunda.,mekanik_istasyon,0,fault_report,0,P1,0,devrik,relabel:openrouter
Görülmedi devriye gezen güvenlik görevlisi az önce.,istasyon_guvenlik,6,complaint,3,P3,2,devrik,relabel:openrouter
Engellenmiş yangın tüpünün önü reklam panosuyla Ataköy'de.,istasyon_guvenlik,6,fault_report,0,P1,0,devrik,relabel:openrouter
Basmadan geçiyor turnikeden kaçak yolcular Şirinevler'de.,guvenlik_asayis_olay,9,incident_report,1,P3,2,devrik,relabel:openrouter
bostanci alt gecit acil cikis kapisi arkasindan kilitli disari acilmiyo,altyapi_insaat,10,fault_report,0,P1,0,yazim_yanlisi,relabel:openrouter
gayrettepe peron 1 yardim butonu panosu yerinden sokulmus kablolar acikta,sinyalizasyon_haberlesme,3,fault_report,0,P1,0,yazim_yanlisi,relabel:openrouter
bagcilar istasyonu 2 peron acil cikis kapisi arkasina koli yigmislar,istasyon_guvenlik,6,fault_report,0,P1,0,yazim_yanlisi,relabel:openrouter
taksim koridorundaki yangin tupu dolabinin onu reklam panosuyla kapatilmis,istasyon_guvenlik,6,fault_report,0,P1,0,yazim_yanlisi,relabel:openrouter
kartal istasyon tunel agzindaki kamera goruntusu tamamen siyah geliyo,sinyalizasyon_haberlesme,3,fault_report,0,P3,2,yazim_yanlisi,relabel:openrouter
topkapi gise bolgesinde kacak gecis yapanlar var guvenlik devriye atmiyo,istasyon_guvenlik,6,complaint,3,P3,2,yazim_yanlisi,relabel:openrouter
bagcilar peron 1 yardim butonu basilmiyo yay icine gocmus,sinyalizasyon_haberlesme,3,fault_report,0,P3,2,yazim_yanlisi,relabel:openrouter
taksim asansor onu supheli siyah sirt cantasi var polis cagirildi,guvenlik_asayis_olay,9,incident_report,1,P1,0,yazim_yanlisi,relabel:openrouter
topkapi istasyonu acil durum cikis kapisi kilitli kalmis acilmiyo,altyapi_insaat,10,fault_report,0,P1,0,yazim_yanlisi,relabel:openrouter
kartal 2 peron sari cizgi ikaz dudugu otmuyo yolcu riski var,sinyalizasyon_haberlesme,3,fault_report,0,P2,1,yazim_yanlisi,relabel:openrouter
bagcilar turnike arkasinda supheli sahis dolasiyo guvenlik personeli yok,guvenlik_asayis_olay,9,incident_report,1,P1,0,yazim_yanlisi,relabel:openrouter
topkapi koridor cctv-03 kamerasi acisi kaymis duvar gosteriyo,sinyalizasyon_haberlesme,3,fault_report,0,P3,2,yazim_yanlisi,relabel:openrouter
Levent CCTV kamera görüntüsü yok,sinyalizasyon_haberlesme,3,fault_report,0,P3,2,cok_kisa,relabel:openrouter
Kartal bilet holü şüpheli paket,guvenlik_asayis_olay,9,incident_report,1,P1,0,cok_kisa,relabel:openrouter
Şişhane peron yangın tüpü kayıp,istasyon_guvenlik,6,fault_report,0,P1,0,cok_kisa,relabel:openrouter
Turnikeden kart basmadan geçiş var,elektronik_sistemler,4,fault_report,0,P3,2,cok_kisa,relabel:openrouter
1. peron acil durum butonu basılı,sinyalizasyon_haberlesme,3,fault_report,0,P2,1,cok_kisa,relabel:openrouter
Şişli X-ray cihazı başında görevli yok,istasyon_guvenlik,6,complaint,3,P2,1,cok_kisa,relabel:openrouter
Yangın algılama sensörü sürekli ötüyor,sinyalizasyon_haberlesme,3,fault_report,0,P2,1,cok_kisa,relabel:openrouter
Taksim istasyonu sarı çizgi silinmiş,altyapi_insaat,10,fault_report,0,P3,2,cok_kisa,relabel:openrouter
Bilet holünde sahipsiz çanta var,guvenlik_asayis_olay,9,incident_report,1,P1,0,cok_kisa,relabel:openrouter
BSO-02 kamerasının önü panoyla kapalı,sinyalizasyon_haberlesme,3,fault_report,0,P3,2,cok_kisa,relabel:openrouter
Yenikapı yangın dolabı kapağı kırık,istasyon_guvenlik,6,fault_report,0,P1,0,cok_kisa,relabel:openrouter
Kadıköy peronda güvenlik personeli yok,istasyon_guvenlik,6,complaint,3,P3,2,cok_kisa,relabel:openrouter
Alt kat acil çıkış yolu tıkalı,altyapi_insaat,10,fault_report,0,P1,0,cok_kisa,relabel:openrouter
Gayrettepe turnike bölgesinde kaçak geçiş,istasyon_guvenlik,6,complaint,3,P3,2,cok_kisa,relabel:openrouter
Üsküdar 2. peronda şüpheli şahıs,guvenlik_asayis_olay,9,incident_report,1,P1,0,cok_kisa,relabel:openrouter
Yangın söndürme tüpünün önü kapatılmış,istasyon_guvenlik,6,fault_report,0,P1,0,cok_kisa,relabel:openrouter
Kirazlı istasyonu imdat butonu arızalı,sinyalizasyon_haberlesme,3,fault_report,0,P3,2,cok_kisa,relabel:openrouter
Bostancı CCTV-04 kamerası yönü kaymış,sinyalizasyon_haberlesme,3,fault_report,0,P3,2,cok_kisa,relabel:openrouter
Ayrılık Çeşmesi güvenlik devriyesi yetersiz,istasyon_guvenlik,6,complaint,3,P3,2,cok_kisa,relabel:openrouter
Tünel ağzı kamera lensi kirli,sinyalizasyon_haberlesme,3,fault_report,0,P4,3,cok_kisa,relabel:openrouter
Mecidiyeköy turnikeden atlayan yolcular var,guvenlik_asayis_olay,9,incident_report,1,P3,2,cok_kisa,relabel:openrouter
1. peron sarı çizgi uyarısı çalışmıyor,sinyalizasyon_haberlesme,3,fault_report,0,P2,1,cok_kisa,relabel:openrouter
Yangın ihbar butonu camı kırık,sinyalizasyon_haberlesme,3,fault_report,0,P2,1,cok_kisa,relabel:openrouter
Levent bilet holü çanta kontrolü yapılmıyor,istasyon_guvenlik,6,complaint,3,P2,1,cok_kisa,relabel:openrouter
Şişhane acil durum kapısı önü kapalı,altyapi_insaat,10,fault_report,0,P1,0,cok_kisa,relabel:openrouter
Kartal acil buton çağrısı yanıt vermiyor,sinyalizasyon_haberlesme,3,fault_report,0,P2,1,cok_kisa,relabel:openrouter
Taksim güvenlik arama noktası boş,istasyon_guvenlik,6,complaint,3,P2,1,cok_kisa,relabel:openrouter
Bilet holünde şüpheli koli var,guvenlik_asayis_olay,9,incident_report,1,P1,0,cok_kisa,relabel:openrouter
Kadıköy istasyonu turnike bölgesinde güvenlik görevlisine hakaret edip küfreden şahıs polise teslim edildi.,guvenlik_asayis_olay,9,incident_report,1,P1,0,standart,relabel:openrouter
Mecidiyeköy istasyonu aktarma koridorunda kadın yolcuya tacizde bulunan şüpheli yakalanarak polis noktasına götürüldü.,guvenlik_asayis_olay,9,incident_report,1,P1,0,standart,relabel:openrouter
Gayrettepe istasyonu 1. peronda elektronik sigara içmekte ısrar eden yolcuya yasal işlem uygulandı.,guvenlik_asayis_olay,9,incident_report,1,P4,3,standart,relabel:openrouter
Üsküdar istasyonu bilet holünde kavga çıkartıp cam panolara zarar veren iki kişi tutuklandı.,guvenlik_asayis_olay,9,incident_report,1,P1,0,standart,relabel:openrouter
Ayrılık Çeşmesi istasyonunda havalandırma boşluğu yakınında uçucu madde kullanan şahıs emniyet ekiplerine teslim edildi.,guvenlik_asayis_olay,9,incident_report,1,P1,0,standart,relabel:openrouter
Otogar istasyonunda yolcunun cüzdanını kapkaç yöntemiyle çalan şüpheli güvenlik personelince yakalandı.,guvenlik_asayis_olay,9,incident_report,1,P4,3,standart,relabel:openrouter
Kirazlı istasyonu 2. peronda raylara atlama teşebbüsünde bulunan şahıs güvenlik tarafından ikna edildi.,guvenlik_asayis_olay,9,incident_report,1,P1,0,standart,relabel:openrouter
Bostancı istasyonu güney girişinde yolculardan zorla para isteyen dilenci istasyon dışına çıkarıldı.,guvenlik_asayis_olay,9,incident_report,1,P1,0,standart,relabel:openrouter
Vezneciler istasyonunda peron kenarında diğer yolcuları iterek tehlike yaratan alkollü kişi engellendi.,guvenlik_asayis_olay,9,incident_report,1,P1,0,standart,relabel:openrouter
Aksaray istasyonu turnike bölgesinde kimlik kontrolü yapmak isteyen görevliye saldıran şahıs gözaltına alındı.,guvenlik_asayis_olay,9,incident_report,1,P1,0,standart,relabel:openrouter
Osmanbey istasyonunda tren içerisinde yüksek sesle küfrederek yolcuları taciz eden kişi ilk istasyonda indirildi.,guvenlik_asayis_olay,9,incident_report,1,P1,0,standart,relabel:openrouter
Maslak istasyonu peron katında uyuşturucu madde bulunduran şüpheli güvenlik ekiplerince polise teslim edildi.,guvenlik_asayis_olay,9,incident_report,1,P1,0,standart,relabel:openrouter
Vezneciler istasyonunda M2-12 kodlu trende yolcunun çantasından cüzdan çalan kişi yakalandı.,guvenlik_asayis_olay,9,incident_report,1,P4,3,standart,relabel:openrouter
Aksaray istasyonu bilet holünde sözlü tartışmayı kavgaya dönüştüren şahıslar güvenlikçe ayrıldı.,guvenlik_asayis_olay,9,incident_report,1,P1,0,standart,relabel:openrouter
Osmanbey istasyonu 1. peronda sigara içmeye devam eden yolcuya idari yaptırım tutanağı düzenlendi.,guvenlik_asayis_olay,9,incident_report,1,P4,3,standart,relabel:openrouter
İTÜ-Ayazağa istasyonunda M2-08 treninde kadın yolcuya sözlü tacizde bulunan şüpheli alıkoyuldu.,guvenlik_asayis_olay,9,incident_report,1,P1,0,standart,relabel:openrouter
Kartal istasyonu peron alanında ray hattına girmeye çalışan şahıs güvenlik personeli tarafından engellendi.,guvenlik_asayis_olay,9,incident_report,1,P1,0,standart,relabel:openrouter
Maltepe istasyonu kuzey çıkışında yolculara hakaret eden alkollü şahıs kolluk kuvvetlerine teslim edildi.,guvenlik_asayis_olay,9,incident_report,1,P1,0,standart,relabel:openrouter
Pendik istasyonunda yürüyen merdivenlerde hırsızlık yaparken suçüstü yakalanan şüpheli polise sevk edildi.,guvenlik_asayis_olay,9,incident_report,1,P4,3,standart,relabel:openrouter
Göztepe istasyonu M4-15 trende diğer yolcuları tehdit eden kişi güvenlik ekiplerince araçtan indirildi.,guvenlik_asayis_olay,9,incident_report,1,P1,0,standart,relabel:openrouter
Kartal istasyonu bilet holünde izinsiz para toplayan dilenci istasyon sınırları dışına çıkarıldı.,guvenlik_asayis_olay,9,incident_report,1,P4,3,standart,relabel:openrouter
Maltepe istasyonu peron alanında uçucu madde koklayan şahıs emniyet güçlerine teslim edilmek üzere tutuldu.,guvenlik_asayis_olay,9,incident_report,1,P1,0,standart,relabel:openrouter
Sanayi Mahallesi istasyonunda bir yolcunun cüzdanını çalmaya çalışan yankesici güvenlik personeli tarafından yakalandı.,guvenlik_asayis_olay,9,incident_report,1,P4,3,standart,relabel:openrouter
Mecidiyeköy istasyonu bilet holünde güvenlik görevlisine fiili saldırıda bulunan şahıs polise teslim edildi.,guvenlik_asayis_olay,9,incident_report,1,P1,0,standart,relabel:openrouter
Şirinevler istasyonu asansör önünde vatandaşlara sözlü sataşmada bulunup hakaret eden alkollü şahıs dışarı çıkarıldı.,guvenlik_asayis_olay,9,incident_report,1,P1,0,standart,relabel:openrouter
M2-04 treni içerisinde yasaklı madde kullandığı tespit edilen yolcu Yenikapı istasyonunda polise teslim edildi.,guvenlik_asayis_olay,9,incident_report,1,P1,0,standart,relabel:openrouter
Levent istasyonu kuzey girişinde diğer yolcuları rahatsız ederek zorla para isteyen dilenci alıkoyuldu.,guvenlik_asayis_olay,9,incident_report,1,P1,0,standart,relabel:openrouter
Üsküdar istasyonunda peron alanında sigara içen ve uyarılara uymayan şahıs hakkında yasal işlem başlatıldı.,guvenlik_asayis_olay,9,incident_report,1,P4,3,standart,relabel:openrouter
Yenikapı istasyonunda kadın yolcunun çantasından cep telefonunu çalan hırsız güvenlik ekipleri tarafından durduruldu.,guvenlik_asayis_olay,9,incident_report,1,P4,3,standart,relabel:openrouter
Sanayi Mahallesi istasyonu turnike bölgesinde kimlik ibraz etmeyi reddeden şüpheli şahıs polise sevk edildi.,guvenlik_asayis_olay,9,incident_report,1,P4,3,standart,relabel:openrouter
M4-08 vagonunda yolculara küfür edip fiziki şiddet uygulayan saldırgan Bostancı istasyonunda araçtan indirildi.,guvenlik_asayis_olay,9,incident_report,1,P1,0,standart,relabel:openrouter
Vezneciler istasyonu bilet holünde unuttuğu eşyasını alan yolcuya bıçak çekip tehdit eden şahıs engellendi.,guvenlik_asayis_olay,9,incident_report,1,P1,0,standart,relabel:openrouter
Darp etti diğer yolcuyu turnike bölgesinde şahıs.,guvenlik_asayis_olay,9,incident_report,1,P1,0,devrik,relabel:openrouter
Teslim edildi polise Kirazlı peronunda sigara içen şahıs.,guvenlik_asayis_olay,9,incident_report,1,P4,3,devrik,relabel:openrouter
Çaldı kadının çantasını A2 vagonunda yankesici.,guvenlik_asayis_olay,9,incident_report,1,P4,3,devrik,relabel:openrouter
Yakalandı Bağcılar istasyonunda kavga eden iki kişi.,guvenlik_asayis_olay,9,incident_report,1,P1,0,devrik,relabel:openrouter
Laflarıyla taciz etti kadın yolcuyu koridorda adam.,guvenlik_asayis_olay,9,incident_report,1,P1,0,devrik,relabel:openrouter
Yakalandı yasak madde kullanan genç Gayrettepe istasyonunda.,guvenlik_asayis_olay,9,incident_report,1,P1,0,devrik,relabel:openrouter
Kimlik ibraz etmedi güvenlik görevlisine bilet holünde.,guvenlik_asayis_olay,9,incident_report,1,P4,3,devrik,relabel:openrouter
Atladı 2. peronda raya intihar teşebbüsü önlendi.,guvenlik_asayis_olay,9,incident_report,1,P1,0,devrik,relabel:openrouter
pendik turnikeler yaninda zorla para toplayan sahis alikoyuldu,guvenlik_asayis_olay,9,incident_report,1,P2,1,yazim_yanlisi,relabel:openrouter
maltepe peron katinda kavgaya karisip etrafa saldiran kisi engellendi,guvenlik_asayis_olay,9,incident_report,1,P1,0,yazim_yanlisi,relabel:openrouter
bagcilar 1 peron sonu intihar girisimi nedeniyle sefer durduruldu,guvenlik_asayis_olay,9,incident_report,1,P1,0,yazim_yanlisi,relabel:openrouter
kartal guney cikisi merdiveninde bir kisiye fiziki saldiri yapildi,guvenlik_asayis_olay,9,incident_report,1,P1,0,yazim_yanlisi,relabel:openrouter
haciosman turnike bolgesinde dilenen sahis polise teslim edildi,guvenlik_asayis_olay,9,incident_report,1,P2,1,yazim_yanlisi,relabel:openrouter
kirazli istasyonu YM-03 vagonunda sigara icen yolcuya mudahale edildi,guvenlik_asayis_olay,9,incident_report,1,P2,1,yazim_yanlisi,relabel:openrouter
aksaray peron katinda karsi tarafa hakaret eden kisi indirildi,guvenlik_asayis_olay,9,incident_report,1,P2,1,yazim_yanlisi,relabel:openrouter
taksim peronunda bir bayani sozle taciz eden sahis yakalandi,guvenlik_asayis_olay,9,incident_report,1,P1,0,yazim_yanlisi,relabel:openrouter
kartal istasyonu guney cikista uusturucu madde kullanan sahis alindi,guvenlik_asayis_olay,9,incident_report,1,P2,1,yazim_yanlisi,relabel:openrouter
bagcilar bilet holunde cuzdan calan yankesici polise teslim edildi,guvenlik_asayis_olay,9,incident_report,1,P2,1,yazim_yanlisi,relabel:openrouter
haciosman peronunda kimlik gostermeyen ve saldirganlasan sahis engellendi,guvenlik_asayis_olay,9,incident_report,1,P1,0,yazim_yanlisi,relabel:openrouter
osmanbey istasyonunda tren icinde kavga cikaran iki kisi tutuldu,guvenlik_asayis_olay,9,incident_report,1,P1,0,yazim_yanlisi,relabel:openrouter
Vagonda bir kişi sigara içiyor.,guvenlik_asayis_olay,9,incident_report,1,P2,1,cok_kisa,relabel:openrouter
Gayrettepe bilet holünde kavga çıktı.,guvenlik_asayis_olay,9,incident_report,1,P1,0,cok_kisa,relabel:openrouter
Peronda yankesicilik olayı yaşandı.,guvenlik_asayis_olay,9,incident_report,1,P2,1,cok_kisa,relabel:openrouter
Turnike önünde bir şahıs dileniyor.,istasyon_guvenlik,6,incident_report,1,P3,2,cok_kisa,relabel:openrouter
Bostancı 2. peronda taciz iddiası.,guvenlik_asayis_olay,9,incident_report,1,P1,0,cok_kisa,relabel:openrouter
Bilet holünde bıçak çekme olayı.,guvenlik_asayis_olay,9,incident_report,1,P1,0,cok_kisa,relabel:openrouter
İstasyon girişinde yasak madde kullanımı.,guvenlik_asayis_olay,9,incident_report,1,P2,1,cok_kisa,relabel:openrouter
M2 treninde yolculara laf atıldı.,guvenlik_asayis_olay,9,incident_report,1,P2,1,cok_kisa,relabel:openrouter
Topkapı istasyonunda hırsızlık vakası gerçekleşti.,guvenlik_asayis_olay,9,incident_report,1,P2,1,cok_kisa,relabel:openrouter
Peron sonuna doğru intihar teşebbüsü.,guvenlik_asayis_olay,9,incident_report,1,P1,0,cok_kisa,relabel:openrouter
Güvenlik görevlisine küfür ve hakaret.,guvenlik_asayis_olay,9,incident_report,1,P2,1,cok_kisa,relabel:openrouter
Hacıosman peronunda fiziksel darp var.,guvenlik_asayis_olay,9,incident_report,1,P1,0,cok_kisa,relabel:openrouter
M4-02 vagonunda sigara içilmektedir.,guvenlik_asayis_olay,9,incident_report,1,P2,1,cok_kisa,relabel:openrouter
Kadıköy bilet holünde dilenci var.,istasyon_guvenlik,6,incident_report,1,P3,2,cok_kisa,relabel:openrouter
Yenikapı aktarmada iki kişi dövüşüyor.,guvenlik_asayis_olay,9,incident_report,1,P1,0,cok_kisa,relabel:openrouter
Kimlik ibraz etmeyen yolcu taşkınlık yaptı.,guvenlik_asayis_olay,9,incident_report,1,P1,0,cok_kisa,relabel:openrouter
Üsküdar peronunda çanta çalındı.,guvenlik_asayis_olay,9,incident_report,1,P2,1,cok_kisa,relabel:openrouter
Levent istasyonunda laf atma ihbarı.,guvenlik_asayis_olay,9,incident_report,1,P2,1,cok_kisa,relabel:openrouter
Taksim 1. peronda kavga var.,guvenlik_asayis_olay,9,incident_report,1,P1,0,cok_kisa,relabel:openrouter
M1A treninde yasak madde içiliyor.,guvenlik_asayis_olay,9,incident_report,1,P2,1,cok_kisa,relabel:openrouter
Mecidiyeköy üst katta yankesicilik oldu.,guvenlik_asayis_olay,9,incident_report,1,P2,1,cok_kisa,relabel:openrouter
Bilet holünde kadın yolcu taciz edildi.,guvenlik_asayis_olay,9,incident_report,1,P1,0,cok_kisa,relabel:openrouter
Şişhane çıkışında bir şahıs dileniyor.,istasyon_guvenlik,6,incident_report,1,P3,2,cok_kisa,relabel:openrouter
YM-03 kodlu vagonda hırsızlık yapıldı.,guvenlik_asayis_olay,9,incident_report,1,P2,1,cok_kisa,relabel:openrouter
Bostancı bilet holünde intihar teşebbüsü.,guvenlik_asayis_olay,9,incident_report,1,P1,0,cok_kisa,relabel:openrouter
Gayrettepe tünel ağzında kasten darp.,guvenlik_asayis_olay,9,incident_report,1,P1,0,cok_kisa,relabel:openrouter
Asansör önünde yolcuya küfür edildi.,guvenlik_asayis_olay,9,incident_report,1,P2,1,cok_kisa,relabel:openrouter
Kirazlı peronunda bıçaklı kavga çıktı.,guvenlik_asayis_olay,9,incident_report,1,P1,0,cok_kisa,relabel:openrouter
Otogarda tren içerisinde sigara içildi.,guvenlik_asayis_olay,9,incident_report,1,P2,1,cok_kisa,relabel:openrouter
Aksaray bilet holünde çanta hırsızlığı.,guvenlik_asayis_olay,9,incident_report,1,P3,2,cok_kisa,relabel:openrouter
Vezneciler peronunda laf atma olayı.,guvenlik_asayis_olay,9,incident_report,1,P3,2,cok_kisa,relabel:openrouter
PSD-08 kapısı önünde taciz vakası.,guvenlik_asayis_olay,9,incident_report,1,P1,0,cok_kisa,relabel:openrouter
BSO-02 alanında yasak madde içiliyor.,guvenlik_asayis_olay,9,incident_report,1,P2,1,cok_kisa,relabel:openrouter
Hacıosman 2. peronda intihar vakası.,guvenlik_asayis_olay,9,incident_report,1,P1,0,cok_kisa,relabel:openrouter
Üsküdar çıkışında kimlik ibraz etmeme.,guvenlik_asayis_olay,9,incident_report,1,P3,2,cok_kisa,relabel:openrouter
Taksim yürüyen bantta yankesicilik yapıldı.,guvenlik_asayis_olay,9,incident_report,1,P3,2,cok_kisa,relabel:openrouter
Yenikapı bilet holünde fiziki kavga.,guvenlik_asayis_olay,9,incident_report,1,P1,0,cok_kisa,relabel:openrouter
M3 treninde yolcuya laf atılıyor.,guvenlik_asayis_olay,9,incident_report,1,P2,1,cok_kisa,relabel:openrouter
Topkapı peronunda sigara içen şahıs.,guvenlik_asayis_olay,9,incident_report,1,P2,1,cok_kisa,relabel:openrouter
Bostancı istasyonunda zorla para istendi.,guvenlik_asayis_olay,9,incident_report,1,P1,0,cok_kisa,relabel:openrouter
Bostancı peronunda cüzdan hırsızlığı.,guvenlik_asayis_olay,9,incident_report,1,P3,2,cok_kisa,relabel:openrouter
Vagonda yolcu sigara içiyor.,guvenlik_asayis_olay,9,incident_report,1,P2,1,cok_kisa,relabel:openrouter
Şişli bilet holünde kavga.,guvenlik_asayis_olay,9,incident_report,1,P1,0,cok_kisa,relabel:openrouter
Şirinevler merdivenlerinde dilenci var.,istasyon_guvenlik,6,incident_report,1,P3,2,cok_kisa,relabel:openrouter
BSO-01 alanında uyuşturucu kullanımı.,guvenlik_asayis_olay,9,incident_report,1,P2,1,cok_kisa,relabel:openrouter
Kartal peronunda intihar girişimi.,guvenlik_asayis_olay,9,incident_report,1,P1,0,cok_kisa,relabel:openrouter
Trende kadın yolcuya taciz.,guvenlik_asayis_olay,9,incident_report,1,P1,0,cok_kisa,relabel:openrouter
Gişe önünde görevliye darp.,guvenlik_asayis_olay,9,incident_report,1,P1,0,cok_kisa,relabel:openrouter
Turnikelerde kimlik ibraz etmeyen şahıs.,guvenlik_asayis_olay,9,incident_report,1,P3,2,cok_kisa,relabel:openrouter
Asansör önünde sözlü sataşma.,guvenlik_asayis_olay,9,incident_report,1,P2,1,cok_kisa,relabel:openrouter
Bağcılar gişe önü dökülen kahve,temizlik,7,incident_report,1,P4,3,cok_kisa,relabel:openrouter
Şişhane koridorunda fare görüldü acil,temizlik,7,incident_report,1,P4,3,cok_kisa,relabel:openrouter
Kartal asansör içi kusmuk temizlenmeli,temizlik,7,fault_report,0,P3,2,cok_kisa,relabel:openrouter
Levent güney bilet holü çöp taşması,temizlik,7,fault_report,0,P4,3,cok_kisa,relabel:openrouter
Turnike bölgesi YM-03 sigara külü,temizlik,7,fault_report,0,P4,3,cok_kisa,relabel:openrouter
Şişhane yürüyen merdiven tutamağı yapışkan,temizlik,7,fault_report,0,P4,3,cok_kisa,relabel:openrouter
Kartal peron duvarında yazı var,temizlik,7,fault_report,0,P4,3,cok_kisa,relabel:openrouter
Bağcılar istasyon girişi buzlanma tuzlanmadı,temizlik,7,fault_report,0,P1,0,cok_kisa,relabel:openrouter
Üçüncü ray voltaj düşüşü alarm verdi Şişli,elektrik_enerji,1,fault_report,0,P2,1,devrik,relabel:gemini
Jeneratör test çalışması devreye girmedi Bağcılar,elektrik_enerji,1,fault_report,0,P3,2,devrik,relabel:gemini
Katener hattı voltaj düşmesiyle trenler yavaşladı,elektrik_enerji,1,fault_report,0,P2,1,devrik,relabel:gemini
Ana dağıtım panosunda sigorta atması oldu Uzunçayır,elektrik_enerji,1,fault_report,0,P2,1,devrik,relabel:gemini
Acil aydınlatma üniteleri yanmadı testte Bostancı,elektrik_enerji,1,fault_report,0,P3,2,devrik,relabel:gemini
UPS batarya düşük uyarısı verdi,elektrik_enerji,1,fault_report,0,P3,2,devrik,relabel:gemini
Trafo sesi anormal arttı gece Kadıköy,elektrik_enerji,1,fault_report,0,P3,2,devrik,relabel:gemini
Kablo kesen ateşlendi tünel içinde,elektrik_enerji,1,incident_report,1,P1,0,devrik,relabel:gemini
Peron aydınlatması yarım yandı akşam Yenikapı,elektrik_enerji,1,fault_report,0,P3,2,devrik,relabel:gemini
Disjonctör atıldı bilet holü panosu Levent,elektrik_enerji,1,fault_report,0,P3,2,devrik,relabel:gemini
Yedek güç kaynağı devreye girmedi,elektrik_enerji,1,fault_report,0,P3,2,devrik,relabel:gemini
Katener isolatörü kırık tespit edildi,elektrik_enerji,1,fault_report,0,P2,1,devrik,relabel:gemini
Üçüncü ray topuzu yandı hareketli Atatürk Havalimanı,elektrik_enerji,1,incident_report,1,P1,0,devrik,relabel:gemini
İstasyon aydınlatması tamamen söndü aniden Seyrantepe,elektrik_enerji,1,fault_report,0,P2,1,devrik,relabel:gemini
Jeneratör yakıt pompası çalışmıyor,elektrik_enerji,1,fault_report,0,P3,2,devrik,relabel:gemini
Pano içi sigorta erimiş bulundu Göztepe,elektrik_enerji,1,fault_report,0,P3,2,devrik,relabel:gemini
UPS bypass moduna geçti otomatik,elektrik_enerji,1,fault_report,0,P3,2,devrik,relabel:gemini
Aydınlatma panosu kontaköri takılı kaldı,elektrik_enerji,1,fault_report,0,P3,2,devrik,relabel:gemini
Katener hattında kısadevre oluştu,elektrik_enerji,1,fault_report,0,P1,0,devrik,relabel:gemini
Trafo soğutma fanı durdu uyarı,elektrik_enerji,1,fault_report,0,P3,2,devrik,relabel:gemini
Üçüncü ray kayışları söküldü kontrollü,elektrik_enerji,1,fault_report,0,P3,2,devrik,relabel:gemini
Asansör makine odası ışığı yanmıyor,elektrik_enerji,1,fault_report,0,P3,2,devrik,relabel:gemini
Turnike besleme panosu sigortası attı,elektrik_enerji,1,fault_report,0,P3,2,devrik,relabel:gemini
Jeneratör yağ basıncı düşük alarm,elektrik_enerji,1,fault_report,0,P3,2,devrik,relabel:gemini
Katener germe cihazı bozuldu sabah,elektrik_enerji,1,fault_report,0,P2,1,devrik,relabel:gemini
UPS fanları gürültülü çalışıyor sürekli,elektrik_enerji,1,fault_report,0,P3,2,devrik,relabel:gemini
Ana besleme kablosu hasar gördü,elektrik_enerji,1,fault_report,0,P2,1,devrik,relabel:gemini
Peron lambaları sürekli yanıp sönüyor,elektrik_enerji,1,fault_report,0,P3,2,devrik,relabel:gemini
Elektrik odası havalandırması çalışmıyor,elektrik_enerji,1,fault_report,0,P3,2,devrik,relabel:gemini
Yedek akım kaynağı test başarısız,elektrik_enerji,1,fault_report,0,P3,2,devrik,relabel:gemini
Katener şalter uyarısı geldi SCADA,elektrik_enerji,1,fault_report,0,P2,1,devrik,relabel:gemini
Üçüncü ray izolasyon direnci düştü,elektrik_enerji,1,fault_report,0,P2,1,devrik,relabel:gemini
Trafo Buchholz relesi alarm verdi,elektrik_enerji,1,fault_report,0,P2,1,devrik,relabel:gemini
Jeneratör soğutma suyu kayboldu,elektrik_enerji,1,fault_report,0,P3,2,devrik,relabel:gemini
Aydınlatma foto hücreleri çalışmıyor gece,elektrik_enerji,1,fault_report,0,P3,2,devrik,relabel:gemini
Pano ampermetre göstermesi sıfır kaldı,elektrik_enerji,1,fault_report,0,P3,2,devrik,relabel:gemini
Katener şalteri açık konumda kaldı,elektrik_enerji,1,fault_report,0,P2,1,devrik,relabel:gemini
Üçüncü ray dilimi kopmuş bulundu,elektrik_enerji,1,fault_report,0,P1,0,devrik,relabel:gemini
UPS invertör hata kodu verdi,elektrik_enerji,1,fault_report,0,P3,2,devrik,relabel:gemini
Jeneratör bataryası şarj olmuyor uzun,elektrik_enerji,1,fault_report,0,P3,2,devrik,relabel:gemini
Peron aydınlatması tamamen söndü Bostancı,elektrik_enerji,1,fault_report,0,P2,1,devrik,relabel:gemini
Üçüncü ray arka besleme devreye girmedi,elektrik_enerji,1,fault_report,0,P2,1,devrik,relabel:gemini
Jeneratör soğutma suyu basınçsız uyarı,elektrik_enerji,1,fault_report,0,P3,2,devrik,relabel:gemini
Katener gerilim izleyici sıfır gösteriyor Ataköy,elektrik_enerji,1,fault_report,0,P2,1,devrik,relabel:gemini
UPS alarm panosu kırmızı yanıyor Gayrettepe,elektrik_enerji,1,fault_report,0,P3,2,devrik,relabel:gemini
Ana(transformatör) soğutma fanı dönmüyor sesi,elektrik_enerji,1,fault_report,0,P3,2,devrik,relabel:gemini
Yedek akım panosu contactör takılmıyor,elektrik_enerji,1,fault_report,0,P3,2,devrik,relabel:gemini
Kablo kanalı sızıntı izi tespit edildi,altyapi_insaat,10,fault_report,0,P4,3,devrik,relabel:gemini
Peron 2 acil aydınlatması testte yandı,elektrik_enerji,1,fault_report,0,P3,2,devrik,relabel:gemini
Sigorta kutusu ergime izi var koridor,elektrik_enerji,1,fault_report,0,P1,0,devrik,relabel:gemini
sisli bilet holu electrik panosu sigortasi cikti,elektrik_enerji,1,fault_report,0,P3,2,yazim_yanlisi,relabel:gemini
bostanci 2 peron katener hattinda iskima var,elektrik_enerji,1,fault_report,0,P1,0,yazim_yanlisi,relabel:gemini
sirinevler uks jenrator calismiyor yedek enerji yok,elektrik_enerji,1,fault_report,0,P2,1,yazim_yanlisi,relabel:gemini
yenikapi marmaray aktarma kat aydinlatma yarisi kapali,elektrik_enerji,1,fault_report,0,P3,2,yazim_yanlisi,relabel:gemini
taksim 3 peron uks trafo anormal ses cikar,elektrik_enerji,1,fault_report,0,P3,2,yazim_yanlisi,relabel:gemini
kadikoy giris kat genel aydinlatma kesik oldi,elektrik_enerji,1,fault_report,0,P2,1,yazim_yanlisi,relabel:gemini
kartal depo ana elektrik panosu disjonctor atiyor,elektrik_enerji,1,fault_report,0,P2,1,yazim_yanlisi,relabel:gemini
levent 1 peron asansor uks ups batarya arizali,elektrik_enerji,1,fault_report,0,P3,2,yazim_yanlisi,relabel:gemini
gayrettepe istasyon peron aydinlatmasi titreme yapiyor,elektrik_enerji,1,fault_report,0,P4,3,yazim_yanlisi,relabel:gemini
kagithane 2 peron katener voltaji alinamiyor,elektrik_enerji,1,fault_report,0,P2,1,yazim_yanlisi,relabel:gemini
atasehir bilet makineleri elektrik kesintisi oldugu icin kapali,elektrik_enerji,1,fault_report,0,P3,2,yazim_yanlisi,relabel:gemini
uskudar istasyon aydinlatma panosu sigortalari yanmis durumda,elektrik_enerji,1,fault_report,0,P3,2,yazim_yanlisi,relabel:gemini
emniyet fatih peron yukarisi aydinlatma armaturu dustu,elektrik_enerji,1,incident_report,1,P1,0,yazim_yanlisi,relabel:gemini
topkapi uks jenrator test calismasi basarisiz oldu,elektrik_enerji,1,fault_report,0,P3,2,yazim_yanlisi,relabel:gemini
zeytinburnu istasyon 3. ray izolatorlari kirik gorundu,elektrik_enerji,1,fault_report,0,P2,1,yazim_yanlisi,relabel:gemini
bakirkoy bilet holu ups cihazi alarm veriyor,elektrik_enerji,1,fault_report,0,P3,2,yazim_yanlisi,relabel:gemini
atakoy peron aydinlatmasi tam kapanik acil mudahale,elektrik_enerji,1,fault_report,0,P2,1,yazim_yanlisi,relabel:gemini
maltepe 2 peron katener telleri saglamiyor gerilim,elektrik_enerji,1,fault_report,0,P2,1,yazim_yanlisi,relabel:gemini
tavsantepe depo ana trafo yag seviyesi dusuk,elektrik_enerji,1,fault_report,0,P3,2,yazim_yanlisi,relabel:gemini
yildiz istasyon genel aydinlatma kesik jenerator devreye girmedi,elektrik_enerji,1,fault_report,0,P2,1,yazim_yanlisi,relabel:gemini
mecidiyekoy peron aydinlatma fotosel calismiyor gece karanlik,elektrik_enerji,1,fault_report,0,P3,2,yazim_yanlisi,relabel:gemini
kagithane uks elektrik panosu icinde buz cobani,elektrik_enerji,1,fault_report,0,P3,2,yazim_yanlisi,relabel:gemini
bogazici uni istasyon aydinlatmasi led modulleri yanmiyor,elektrik_enerji,1,fault_report,0,P3,2,yazim_yanlisi,relabel:gemini
etiler peron katener bakimi sonrasi voltaj gelmedi,elektrik_enerji,1,fault_report,0,P2,1,yazim_yanlisi,relabel:gemini
nispetiye bilet holu elektrik kesintisi ups devreye girdi,elektrik_enerji,1,fault_report,0,P3,2,yazim_yanlisi,relabel:gemini
levent 4 peron ucuncu ray yuzeyi cizik var,elektrik_enerji,1,fault_report,0,P4,3,yazim_yanlisi,relabel:gemini
sanayi uks jenrator yakit pompasi calismiyor,elektrik_enerji,1,fault_report,0,P3,2,yazim_yanlisi,relabel:gemini
seyrantepe istasyon peron aydinlatma sensoru bozuk surekli yanik,elektrik_enerji,1,fault_report,0,P4,3,yazim_yanlisi,relabel:gemini
itu ayazaga giris kat aydinlatma timer arizali,elektrik_enerji,1,fault_report,0,P4,3,yazim_yanlisi,relabel:gemini
ataturk oto sanayi 2 peron katener aislatori kirmizi isik,elektrik_enerji,1,fault_report,0,P3,2,yazim_yanlisi,relabel:gemini
Ağ kesintisi SCADA erişilemiyor merkezi,sinyalizasyon_haberlesme,3,fault_report,0,P2,1,devrik,relabel:gemini
Mobil uygulama dondu bilet alınamıyor,elektronik_sistemler,4,fault_report,0,P3,2,devrik,relabel:gemini
İstanbulkart okuyucu yanıt vermiyor giriş tornası,elektronik_sistemler,4,fault_report,0,P3,2,devrik,relabel:gemini
BSO-02 sistem hatası banknot iade etmiyor,elektronik_sistemler,4,fault_report,0,P3,2,devrik,relabel:gemini
PID ekranları boş saat bilgisi yok,sinyalizasyon_haberlesme,3,fault_report,0,P3,2,devrik,relabel:gemini
Sunucu bağlantısı kopdu veri gelmiyor merkeze,sinyalizasyon_haberlesme,3,fault_report,0,P2,1,devrik,relabel:gemini
Turnike yazılımı kilitlendi geçiş açılmıyor,elektronik_sistemler,4,fault_report,0,P3,2,devrik,relabel:gemini
Kadıköy gişe önü BSO ekran dondu,elektronik_sistemler,4,fault_report,0,P3,2,devrik,relabel:gemini
Şişhane kuzey giriş kart okuyucu hata veriyor,elektronik_sistemler,4,fault_report,0,P3,2,devrik,relabel:gemini
Taksim peron PID yönlendirme yanlış çıkıyor,yolcu_hizmetleri,8,fault_report,0,P4,3,devrik,relabel:gemini
Veritabanı yavaşladı bilet sorgulanmıyor merkezi,elektronik_sistemler,4,fault_report,0,P2,1,devrik,relabel:gemini
Ataköy bilet otomatı reçet basmıyor onay vermiyor,elektronik_sistemler,4,fault_report,0,P3,2,devrik,relabel:gemini
Yolcu sayım yazılımı sıfırlandı veri kaybı,sinyalizasyon_haberlesme,3,fault_report,0,P3,2,devrik,relabel:gemini
Arayüz dondu sefer takibi durdu merkezi,sinyalizasyon_haberlesme,3,fault_report,0,P2,1,devrik,relabel:gemini
İstanbulkart bakiye güncellenmiyor tornada hata,elektronik_sistemler,4,fault_report,0,P3,2,devrik,relabel:gemini
BSO banknot kabul etmiyor sistem uyarısı,elektronik_sistemler,4,fault_report,0,P3,2,devrik,relabel:gemini
Mobil geçiş kodu doğrulanmıyor sunucu hatası,elektronik_sistemler,4,fault_report,0,P3,2,devrik,relabel:gemini
Peron ekranları aynı saati gösteriyor kilitli,sinyalizasyon_haberlesme,3,fault_report,0,P3,2,devrik,relabel:gemini
SCADA alarm gelmiyor ağ sorunu şüphesi,sinyalizasyon_haberlesme,3,fault_report,0,P2,1,devrik,relabel:gemini
Turnike yazılım güncellemesi yarım kaldı açılmıyor,elektronik_sistemler,4,fault_report,0,P3,2,devrik,relabel:gemini
Kadıköy BSO-05 hata kodu 503 veriyor,elektronik_sistemler,4,fault_report,0,P3,2,devrik,relabel:gemini
Şişhane PID ekranı siyah yanıp sönüyor,sinyalizasyon_haberlesme,3,fault_report,0,P3,2,devrik,relabel:gemini
Taksim giriş tornası kart tanımıyor yazılım,elektronik_sistemler,4,fault_report,0,P3,2,devrik,relabel:gemini
Merkez sunucu zaman aşımı bilet iptal,elektronik_sistemler,4,fault_report,0,P2,1,devrik,relabel:gemini
Yolcu bilgilendirme sistemi ses gelmiyor yazılım,sinyalizasyon_haberlesme,3,fault_report,0,P3,2,devrik,relabel:gemini
BSO kredi kartı onayı düşüyor banka bağlantısı,elektronik_sistemler,4,fault_report,0,P3,2,devrik,relabel:gemini
Ağ gecikmesi SCADA verisi geç geliyor,sinyalizasyon_haberlesme,3,fault_report,0,P3,2,devrik,relabel:gemini
Uygulama çöktü bilet geçmişi görünmüyor,elektronik_sistemler,4,fault_report,0,P3,2,devrik,relabel:gemini
Turnike sayacı sıfırlanmadı geçiş saymıyor,elektronik_sistemler,4,fault_report,0,P3,2,devrik,relabel:gemini
Ataköy gişe programı açılmıyor veritabanı hatası,elektronik_sistemler,4,fault_report,0,P3,2,devrik,relabel:gemini
PID peron değiştirme komutu gitmiyor merkezi,sinyalizasyon_haberlesme,3,fault_report,0,P3,2,devrik,relabel:gemini
İstanbulkart yazılımı eski sürüm güncelleme lazım,elektronik_sistemler,4,suggestion,4,P4,3,devrik,relabel:gemini
BSO bozuk para kutusu dolu uyarısı yanlış,elektronik_sistemler,4,fault_report,0,P3,2,devrik,relabel:gemini
Mobil bilet QR okunmuyor kamera yazılım,elektronik_sistemler,4,fault_report,0,P3,2,devrik,relabel:gemini
SCADA arayüzünde istasyon simgeleri gri görünüyor,sinyalizasyon_haberlesme,3,fault_report,0,P3,2,devrik,relabel:gemini
Veri yedekleme başarısız hata logu doldu,elektronik_sistemler,4,fault_report,0,P3,2,devrik,relabel:gemini
Tornika acil açma komutu yazılımdan gelmiyor,elektronik_sistemler,4,fault_report,0,P1,0,devrik,relabel:gemini
Kadıköy BSO parayı yuttu iade yok,elektronik_sistemler,4,complaint,3,P3,2,devrik,relabel:gemini
Şişhane PID yer istasyonu adı yazmıyor,yolcu_hizmetleri,8,fault_report,0,P4,3,devrik,relabel:gemini
Taksim bilet otomatı dil menüsü dönmüyor,elektronik_sistemler,4,fault_report,0,P3,2,devrik,relabel:gemini
Veritabanı kilitlenme hatası,elektronik_sistemler,4,fault_report,0,P2,1,cok_kisa,relabel:gemini
Bilet uygulaması çöktü,elektronik_sistemler,4,fault_report,0,P3,2,cok_kisa,relabel:gemini
İstanbulkart bakiye yanlış,elektronik_sistemler,4,complaint,3,P3,2,cok_kisa,relabel:gemini
BSO-08 yazıcı dondu,elektronik_sistemler,4,fault_report,0,P3,2,cok_kisa,relabel:gemini
Turnike 15 hata kodu,elektronik_sistemler,4,fault_report,0,P3,2,cok_kisa,relabel:gemini
PID yönetim paneli erişilemiyor,sinyalizasyon_haberlesme,3,fault_report,0,P3,2,cok_kisa,relabel:gemini
Bilet sunucusu yanıt vermiyor,elektronik_sistemler,4,fault_report,0,P2,1,cok_kisa,relabel:gemini
Ağ yönlendirici donması,sinyalizasyon_haberlesme,3,fault_report,0,P2,1,cok_kisa,relabel:gemini
BSO-02 kart yazma hatası,elektronik_sistemler,4,fault_report,0,P3,2,cok_kisa,relabel:gemini
Turnike 9 kapı kilidi açılmıyor,mekanik_istasyon,0,fault_report,0,P3,2,cok_kisa,relabel:gemini
Peron ekranı saat hatalı,yolcu_hizmetleri,8,fault_report,0,P4,3,cok_kisa,relabel:gemini
SCADA alarm logu eksik,sinyalizasyon_haberlesme,3,fault_report,0,P3,2,cok_kisa,relabel:gemini
Veritabanı yedek alma hatası,elektronik_sistemler,4,fault_report,0,P3,2,cok_kisa,relabel:gemini
Mobil uygulama giriş hatası,elektronik_sistemler,4,fault_report,0,P3,2,cok_kisa,relabel:gemini
Bilet holü BSO dondu,elektronik_sistemler,4,fault_report,0,P3,2,cok_kisa,relabel:gemini
Üsküdar turnikeler toplu hata,elektronik_sistemler,4,fault_report,0,P2,1,cok_kisa,relabel:gemini
Kadıköy PID pasif,sinyalizasyon_haberlesme,3,fault_report,0,P3,2,cok_kisa,relabel:gemini
Yenikapı bilet otomatları ağ hatası,elektronik_sistemler,4,fault_report,0,P2,1,cok_kisa,relabel:gemini
Esenler SCADA bağlantı sorunu,sinyalizasyon_haberlesme,3,fault_report,0,P2,1,cok_kisa,relabel:gemini
Topkapı sunucu hata,sinyalizasyon_haberlesme,3,fault_report,0,P2,1,cok_kisa,relabel:gemini
Levent BSO-04 kart okumuyor,elektronik_sistemler,4,fault_report,0,P3,2,cok_kisa,relabel:gemini
Sanayi Mahallesi PID saat kayması,yolcu_hizmetleri,8,fault_report,0,P4,3,cok_kisa,relabel:gemini
Kirazlı turnike 7 timeout hatası,elektronik_sistemler,4,fault_report,0,P3,2,cok_kisa,relabel:gemini
Yenikapı bilet uygulaması giriş yapmıyor,elektronik_sistemler,4,fault_report,0,P2,1,cok_kisa,relabel:gemini
Levent asansör önü ekran dondu,sinyalizasyon_haberlesme,3,fault_report,0,P3,2,cok_kisa,relabel:gemini
Sanayi Mahallesi kuzey giriş ağ kesildi,sinyalizasyon_haberlesme,3,fault_report,0,P2,1,cok_kisa,relabel:gemini
Kirazlı üst kat veritabanı bağlantısı kopuk,sinyalizasyon_haberlesme,3,fault_report,0,P2,1,cok_kisa,relabel:gemini
Yenikapı peron 2 PID boş görünüyor,sinyalizasyon_haberlesme,3,fault_report,0,P3,2,cok_kisa,relabel:gemini
Levent BSO-01 iptal işlemi takıldı,elektronik_sistemler,4,fault_report,0,P3,2,cok_kisa,relabel:gemini
Sanayi Mahallesi turnike 3 yazılım reset atıyor,elektronik_sistemler,4,fault_report,0,P3,2,cok_kisa,relabel:gemini
Kadıköy istasyonu B çıkışı asansörü kapıları açılıyor kapanmıyor yolcular içeride kaldı.,mekanik_istasyon,0,incident_report,1,P1,0,standart,relabel:gemini
Mecidiyeköy istasyonunda 2 numaralı yürüyen merdiven aniden durdu ve alarm verdi.,mekanik_istasyon,0,fault_report,0,P3,2,standart,relabel:gemini
Şişli-Mecidiyeköy 4 numaralı peron kapısı PSD kilitlemiyor sefer güvenliği riske giriyor.,sinyalizasyon_haberlesme,3,fault_report,0,P2,1,standart,relabel:gemini
Üsküdar istasyonu güney çıkış turnikesi kolu dönmüyor yolcular geçiş yapamıyor.,mekanik_istasyon,0,fault_report,0,P3,2,standart,relabel:gemini
Bostancı istasyonu 1 numaralı asansör katlarda takılıp kalıyor çağrı butonu cevapsız.,mekanik_istasyon,0,fault_report,0,P3,2,standart,relabel:gemini
Yenikapı M2 peronunda PSD-08 numaralı kapı tam kapanmadan tren kalkıyor riskli durum.,sinyalizasyon_haberlesme,3,incident_report,1,P1,0,standart,relabel:gemini
Şişhane istasyonu giriş bariyeri kapanma süresi çok kısa yolcu sırtına vurdu.,mekanik_istasyon,0,incident_report,1,P2,1,standart,relabel:gemini
Atatürk Havalimanı istasyonu 3 numaralı yürüyen merdiven gürültülü çalışıyor duraklama riski var.,mekanik_istasyon,0,fault_report,0,P3,2,standart,relabel:gemini
Levent istasyonu peron kapısı sensörü algılamıyor kapı yolcuya çarptı acil müdahale lazım.,sinyalizasyon_haberlesme,3,incident_report,1,P1,0,standart,relabel:gemini
Aksaray istasyonu C çıkışı asansörü kapı kilidi takıldı açılmıyor teknik ekip çağrıldı.,mekanik_istasyon,0,fault_report,0,P3,2,standart,relabel:gemini
Kızılay M4 transfer merdiveni paletleri sallanıyor çatlak sesi geliyor kullanım kapatıldı.,mekanik_istasyon,0,fault_report,0,P3,2,standart,relabel:gemini
Gayrettepe istasyonu turnike gövdesi hasarlı kol sabitleyici kırık geçiş sağlanamıyor.,mekanik_istasyon,0,fault_report,0,P3,2,standart,relabel:gemini
Kartal istasyonu 2 numaralı asansör motor ısınır duruyor tekrarlayan arıza bildirildi.,mekanik_istasyon,0,fault_report,0,P3,2,standart,relabel:gemini
Bağcılar Meydan istasyonu peron kapısı rayından çıktı kapatma komutuna yanıt vermiyor.,sinyalizasyon_haberlesme,3,fault_report,0,P2,1,standart,relabel:gemini
Halkalı istasyonu giriş otomatik kapısı takılı kalıyor el ile açılıp kapatılıyor.,mekanik_istasyon,0,fault_report,0,P3,2,standart,relabel:gemini
Osmanbey istasyonu 1 numaralı yürüyen merdiven freni çekmiyor ani durma tehlikesi var.,mekanik_istasyon,0,fault_report,0,P1,0,standart,relabel:gemini
Taksim M2 peronunda PSD kapısı yarım kaldı kilitlenmedi sefer durduruldu.,sinyalizasyon_haberlesme,3,incident_report,1,P1,0,standart,relabel:gemini
Seyrantepe istasyonu asansör kabini katla hizalanmıyor yolcu bindirmiyoruz güvenlik nedeniyle.,mekanik_istasyon,0,fault_report,0,P3,2,standart,relabel:gemini
İTÜ-Ayazağa istasyonu turnike kolu saplandı döngüye girdi mekanik kasılma mevcut.,mekanik_istasyon,0,fault_report,0,P3,2,standart,relabel:gemini
Sanayi Mahallesi istasyonu bariyer kapağı yerinden oynadı kapatılmıyor geçiş serbest.,mekanik_istasyon,0,fault_report,0,P3,2,standart,relabel:gemini
4. Levent M6 peron kapısı YM-12 kodlu ekipman kilitleme motoru çalışmıyor.,sinyalizasyon_haberlesme,3,fault_report,0,P2,1,standart,relabel:gemini
Kozyatağı istasyonu 2 numaralı asansör kapı paneli sallanıyor cam kırılma riski var.,mekanik_istasyon,0,fault_report,0,P3,2,standart,relabel:gemini
Ümraniye istasyonu yürüyen merdiven étape plakaları kırık ayak ucu takılıyor.,mekanik_istasyon,0,fault_report,0,P2,1,standart,relabel:gemini
Çarşı istasyonu peron kapısı acil açma kolu kırıldı manuel müdahale imkansız.,sinyalizasyon_haberlesme,3,fault_report,0,P1,0,standart,relabel:gemini
Ataköy istasyonu turnike bölgesi BSO-05 numaralı bariyer motoru dondu açılmıyor.,mekanik_istasyon,0,fault_report,0,P3,2,standart,relabel:gemini
Bakırköy istasyonu asansör çağrı butonları yanıt vermiyor kabin hareket etmiyor.,mekanik_istasyon,0,fault_report,0,P3,2,standart,relabel:gemini
Yıldız Teknik Üniversitesi istasyonu merdiven direksiyon kolu kırık yön değiştirilemiyor.,mekanik_istasyon,0,fault_report,0,P3,2,standart,relabel:gemini
Mahmutbey M7 peronunda PSD kapısı yavaş kapanıyor zamanlayıcı ayarı bozulmuş olabilir.,sinyalizasyon_haberlesme,3,fault_report,0,P2,1,standart,relabel:gemini
Kirazlı istasyonu çıkış kapısı hidrolik Direk sızdırıyor yere yağ damlıyor.,mekanik_istasyon,0,fault_report,0,P3,2,standart,relabel:gemini
Menderes istasyonu asansör limit switchi bozulmuş en üste çıkıp takılı kalıyor.,mekanik_istasyon,0,fault_report,0,P3,2,standart,relabel:gemini
Esenkent istasyonu yürüyen merdiven zinciri gerilim kaybı yapıyor sallanıyor durduruldu.,mekanik_istasyon,0,fault_report,0,P3,2,standart,relabel:gemini
Tavşantepe istasyonu peron kapısı lastiği yırtıldı hava kaçışı yapıyor ses çıkarıyor.,sinyalizasyon_haberlesme,3,fault_report,0,P3,2,standart,relabel:gemini
Dudullu istasyonu turnike döner kol mekanizması kilitlendi dönmüyor paslanmış görünüyor.,mekanik_istasyon,0,fault_report,0,P3,2,standart,relabel:gemini
Necip Fazıl istasyonu asansör fren patinleri aşındı ani duruşta kayma yapıyor.,mekanik_istasyon,0,fault_report,0,P3,2,standart,relabel:gemini
İstanbul Havalimanı istasyonu PSD-15 kapısı kilit pimi takılıp kapanmıyor sefer gecikti.,sinyalizasyon_haberlesme,3,fault_report,0,P2,1,standart,relabel:gemini
Kağıthane M11 istasyonu merdiven palet arası mesafe açıldı küçük eşya düştü.,mekanik_istasyon,0,fault_report,0,P3,2,standart,relabel:gemini
Gayrettepe M11 asansör kabin ışıkları sönük kapı sensörü çalışmıyor açıkmı kapalı mı belli değil.,mekanik_istasyon,0,fault_report,0,P3,2,standart,relabel:gemini
Kozyatağı M8 peron kapısı motor yuvası kırıldı kapı sallanıyor vida çıktığı görülüyor.,sinyalizasyon_haberlesme,3,fault_report,0,P2,1,standart,relabel:gemini
Bostancı Marmaray transfer bariyeri reader takozu kırık kart okumuyor mekanik engel var.,elektronik_sistemler,4,fault_report,0,P3,2,standart,relabel:gemini
Kadıköy M4 2 numaralı asansör seviye farkı yaratıyor yolcu ayak ucu takılıyor.,mekanik_istasyon,0,fault_report,0,P3,2,standart,relabel:gemini
Ayrılık Çeşmesi istasyonu yürüyen merdiven yön değiştirme anahtarı takılı dönmüyor.,mekanik_istasyon,0,fault_report,0,P3,2,standart,relabel:gemini
Söğütlüçeşme Marmaray peron kapısı PSD kilitleme sinyali gelmiyor makinist uyarıldı.,sinyalizasyon_haberlesme,3,fault_report,0,P2,1,standart,relabel:gemini
Fikirtepe istasyonu turnike kolu pimi çıktı kol serbest dönüyor geçiş kontrolsüz.,mekanik_istasyon,0,fault_report,0,P3,2,standart,relabel:gemini
Yenisahra istasyonu asansör motor odası fanı çalışmıyor motor ısınma alarmı verdi.,mekanik_istasyon,0,fault_report,0,P3,2,standart,relabel:gemini
Kozyatağı M4 peron kapısı acil durdurma butonu basılı kalıyor kapı kilitlenmiyor.,sinyalizasyon_haberlesme,3,fault_report,0,P2,1,standart,relabel:gemini
Levent istasyonu 1 numaralı yürüyen merdiven basamak plakası kırıldı yolcu düştü.,mekanik_istasyon,0,fault_report,0,P1,0,standart,relabel:gemini
Şişhane giriş otomatik cam kapı rayından çıktı kapatılmıyor güvenlik riski oluştu.,mekanik_istasyon,0,fault_report,0,P3,2,standart,relabel:gemini
Uzunçayır B çıkışı asansörü katlarda duruyor kapı açılmıyor yolcular bekliyor.,mekanik_istasyon,0,fault_report,0,P2,1,standart,relabel:gemini
Kadıköy M4 peronu PSD-12 numaralı kapı yarım kaldı kilitleme sinyali vermedi.,sinyalizasyon_haberlesme,3,fault_report,0,P2,1,standart,relabel:gemini
Mecidiyeköy bilet holü turnikesi kol sabitlendi geçiş tamamen kapalı durumda.,mekanik_istasyon,0,fault_report,0,P3,2,standart,relabel:gemini
vagon ici yangin sensörü uyari veriyo,arac_tren,2,fault_report,0,P1,0,yazim_yanlisi,relabel:gemini
makinist masasindaki tus takili kaliyo,arac_tren,2,fault_report,0,P3,2,yazim_yanlisi,relabel:gemini
cekis motoru guvenlik relesi atiyo,arac_tren,2,fault_report,0,P2,1,yazim_yanlisi,relabel:gemini
vagon kapi lastigi sökülmüs duruyo,arac_tren,2,fault_report,0,P3,2,yazim_yanlisi,relabel:gemini
ic aydinlatma ledleri parildayio,arac_tren,2,fault_report,0,P3,2,yazim_yanlisi,relabel:gemini
fren komut cihazi tepkisiz kaliyo,arac_tren,2,fault_report,0,P1,0,yazim_yanlisi,relabel:gemini
vagon klimasi sadece fan donduruyo,arac_tren,2,fault_report,0,P3,2,yazim_yanlisi,relabel:gemini
makinist kabini radyo cizgi ciziyo,arac_tren,2,fault_report,0,P3,2,yazim_yanlisi,relabel:gemini
koltuk altinda metal parca oynuyo,arac_tren,2,fault_report,0,P3,2,yazim_yanlisi,relabel:gemini
vagon ic klimasi calismiyo 5 nolu vagon,arac_tren,2,fault_report,0,P3,2,yazim_yanlisi,relabel:gemini
fren basinci dusuk alarm verdi 2 nolu tren,arac_tren,2,fault_report,0,P1,0,yazim_yanlisi,relabel:gemini
ceker motorunden yakit boku geliyo 3 vagon,arac_tren,2,fault_report,0,P2,1,yazim_yanlisi,relabel:gemini
vagon kapi sensoru hatali acilmiyo 1 nolu,arac_tren,2,fault_report,0,P3,2,yazim_yanlisi,relabel:gemini
yolcu anons mikrofonu ses vermiyo 4 vagonda,arac_tren,2,fault_report,0,P3,2,yazim_yanlisi,relabel:gemini
tekerlek yassi Yankeesleme var 6 nolu vagonda,arac_tren,2,fault_report,0,P3,2,yazim_yanlisi,relabel:gemini
kabin masasindaki acil fren kolu sert,arac_tren,2,fault_report,0,P2,1,yazim_yanlisi,relabel:gemini
kapilar otomatic kilitlenmiyo peron tarafi 8 vagon,arac_tren,2,fault_report,0,P1,0,yazim_yanlisi,relabel:gemini
makinist koltugu yukari inmiyo ayar bozuk,arac_tren,2,fault_report,0,P3,2,yazim_yanlisi,relabel:gemini
frenleme aninda vagon saga cekiliyo 2 tren,arac_tren,2,fault_report,0,P2,1,yazim_yanlisi,relabel:gemini
vagon baglanti borusu siziyo yuruyus esnasinda,arac_tren,2,fault_report,0,P2,1,yazim_yanlisi,relabel:gemini
Vagon 1 kapı arızalı,arac_tren,2,fault_report,0,P3,2,cok_kisa,relabel:gemini
Vagon 2 klima bozuk,arac_tren,2,fault_report,0,P3,2,cok_kisa,relabel:gemini
Vagon 3 fren takılıyor,arac_tren,2,fault_report,0,P2,1,cok_kisa,relabel:gemini
Vagon 4 motor sesli,arac_tren,2,fault_report,0,P3,2,cok_kisa,relabel:gemini
Vagon 5 koltuk kırık,arac_tren,2,fault_report,0,P3,2,cok_kisa,relabel:gemini
Vagon 6 ışık yanmıyor,arac_tren,2,fault_report,0,P3,2,cok_kisa,relabel:gemini
Vagon 7 anons bozuk,arac_tren,2,fault_report,0,P3,2,cok_kisa,relabel:gemini
Vagon 8 tekerlek titreşiyor,arac_tren,2,fault_report,0,P3,2,cok_kisa,relabel:gemini
Vagon 9 kapı kilitlenmiyor,arac_tren,2,fault_report,0,P1,0,cok_kisa,relabel:gemini
Vagon 10 fren gecikiyor,arac_tren,2,fault_report,0,P1,0,cok_kisa,relabel:gemini
Makinist kabini ısıtıcı arızalı,arac_tren,2,fault_report,0,P3,2,cok_kisa,relabel:gemini
Vagon 11 çeker arızalı,arac_tren,2,fault_report,0,P2,1,cok_kisa,relabel:gemini
Vagon 12 kapı sensörü bozuldu,arac_tren,2,fault_report,0,P3,2,cok_kisa,relabel:gemini
Vagon 13 klima soğutmuyor,arac_tren,2,fault_report,0,P3,2,cok_kisa,relabel:gemini
Vagon 14 fren basıncı düşük,arac_tren,2,fault_report,0,P1,0,cok_kisa,relabel:gemini
Vagon 15 motor yanıyor,arac_tren,2,incident_report,1,P1,0,cok_kisa,relabel:gemini
Vagon 16 koltuk döşeme söküldü,arac_tren,2,fault_report,0,P4,3,cok_kisa,relabel:gemini
Vagon 17 ışık titreşiyor,arac_tren,2,fault_report,0,P3,2,cok_kisa,relabel:gemini
Vagon 18 anons sessiz,arac_tren,2,fault_report,0,P3,2,cok_kisa,relabel:gemini
Vagon 19 tekerlek çizik,arac_tren,2,fault_report,0,P4,3,cok_kisa,relabel:gemini
"Pendik peronunda yolcu yönlendirme tabelası bozuk, personel görevde.",yolcu_hizmetleri,8,fault_report,0,P4,3,standart,relabel:gemini
"Tavşantepe istasyonunda sefer iptali yapıldı, yolcular bilgilendirildi.",yolcu_hizmetleri,8,incident_report,1,P3,2,standart,relabel:gemini
4. Levent istasyonunda sabah vardiyası personel eksiliği yaşandı.,istasyon_guvenlik,6,complaint,3,P2,1,standart,relabel:gemini
"Levent peronunda anons yapılamadı, manuel yönlendirme gerçekleştirildi.",yolcu_hizmetleri,8,incident_report,1,P3,2,standart,relabel:gemini
Sanayi Mahallesi istasyonunda seferler neden bildirilmeksizin gecikti.,yolcu_hizmetleri,8,information_request,2,P3,2,standart,relabel:gemini
Mecidiyeköy istasyonunda peron kalabalığı güvenlik riski oluşturdu.,yolcu_hizmetleri,8,incident_report,1,P2,1,standart,relabel:gemini
"Gayrettepe yönlü tren gelmedi, yolcular beklemeye alındı.",yolcu_hizmetleri,8,incident_report,1,P3,2,standart,relabel:gemini
Şişli istasyonunda tarife uyuşmazlığı sonucu yolcu şikayetleri alındı.,yolcu_hizmetleri,8,complaint,3,P3,2,standart,relabel:gemini
Osmanbey peronunda eksik bilgilendirme yolcu karışıklığına yol açtı.,yolcu_hizmetleri,8,complaint,3,P3,2,standart,relabel:gemini
Taksim istasyonunda asansör hizmet vermediği için yönlendirme yapıldı.,mekanik_istasyon,0,fault_report,0,P3,2,standart,relabel:gemini
Şişhane istasyonunda yolcu yoğunluğu sefer gecikmesine yol açtı.,yolcu_hizmetleri,8,incident_report,1,P3,2,standart,relabel:gemini
Haliç peronunda sefer iptal edilmesi yolcuların tepkisine neden oldu.,yolcu_hizmetleri,8,complaint,3,P3,2,standart,relabel:gemini
Vezneciler istasyonunda personel yokluğunda kapı kontrolü sağlanamadı.,istasyon_guvenlik,6,complaint,3,P2,1,standart,relabel:gemini
Aksaray yönlü seferler tarife uygulamasından dolayı seyreltildi.,yolcu_hizmetleri,8,incident_report,1,P3,2,standart,relabel:gemini
Yenikapı istasyonunda kayıp eşya teslim prosedürü hemen başlatıldı.,guvenlik_asayis_olay,9,incident_report,1,P4,3,standart,relabel:gemini
Kadıköy peronunda anons eksikliği yolcu kaosuna neden oldu.,yolcu_hizmetleri,8,complaint,3,P3,2,standart,relabel:gemini
Bostancı istasyonunda sefer gecikmesinin nedeni bildirilmemiştir.,yolcu_hizmetleri,8,complaint,3,P3,2,standart,relabel:gemini
Üsküdar istasyonunda yönlendirme personeli bulunmadığı için karışıklık oldu.,yolcu_hizmetleri,8,complaint,3,P3,2,standart,relabel:gemini
Söğütlüçeşme peronunda sefer iptali sonrası yolcular bilgilendirildi.,yolcu_hizmetleri,8,incident_report,1,P3,2,standart,relabel:gemini
Ayrılık Çeşmesi istasyonunda bilet alma noktasında sıkışıklık yaşandı.,elektronik_sistemler,4,complaint,3,P3,2,standart,relabel:gemini
"Göztepe yönlü tren gelmedi, operasyon merkezi ile görüşülüyor.",yolcu_hizmetleri,8,incident_report,1,P3,2,standart,relabel:gemini
Kozyatağı istasyonunda peron değişikliği için anons yapılmamıştır.,yolcu_hizmetleri,8,complaint,3,P3,2,standart,relabel:gemini
"Kartal peronunda yolcu inişi gecikti, sefer kayması oldu.",yolcu_hizmetleri,8,incident_report,1,P3,2,standart,relabel:gemini
Pendik istasyonunda sefer saatleri tarifeye uygun değildi.,yolcu_hizmetleri,8,complaint,3,P3,2,standart,relabel:gemini
Tavşantepe istasyonunda personel müdahalesi ile kalabalık dağıtıldı.,istasyon_guvenlik,6,incident_report,1,P2,1,standart,relabel:gemini
4. Levent peronunda yönlendirme tabelası henüz güncellenmemiştir.,yolcu_hizmetleri,8,complaint,3,P4,3,standart,relabel:gemini
Levent istasyonunda sefer iptali sebebi yolculara açıklanmadı.,yolcu_hizmetleri,8,complaint,3,P3,2,standart,relabel:gemini
"Sanayi Mahallesi yönlü sefer gecikti, herhangi anons yapılmadı.",yolcu_hizmetleri,8,complaint,3,P3,2,standart,relabel:gemini
Mecidiyeköy istasyonunda yolcu güvenliği için peron boşaltıldı.,istasyon_guvenlik,6,incident_report,1,P1,0,standart,relabel:gemini
Gayrettepe peronunda eksik personel nedeniyle güvenlik kontrolü sağlanamadı.,istasyon_guvenlik,6,complaint,3,P2,1,standart,relabel:gemini
Levent istasyonunda personel eksikliği nedeniyle seferler gecikmiştir.,yolcu_hizmetleri,8,incident_report,1,P2,1,standart,relabel:gemini
Uzunçayır peronunda anons eksikliği yolcuların yanlış yöne gitmesine neden oldu.,yolcu_hizmetleri,8,complaint,3,P3,2,standart,relabel:gemini
Şişhane istasyonunda tarife değişikliği sonrası biletmatiklerde yoğunluk yaşandı.,elektronik_sistemler,4,complaint,3,P3,2,standart,relabel:gemini
"Şişli yönlü sefer iptal edildi, yolcular alternatif güzergaha yönlendirildi.",yolcu_hizmetleri,8,incident_report,1,P3,2,standart,relabel:gemini
Levent gişe önünde kayıp eşya bildirimi alınıp merkeze iletildi.,guvenlik_asayis_olay,9,incident_report,1,P4,3,standart,relabel:gemini
"Uzunçayır istasyonunda sefer seyreltildi, yolcular peronda uzun süre bekledi.",yolcu_hizmetleri,8,complaint,3,P3,2,standart,relabel:gemini
Şişhane alt kat geçitinde yönlendirme tabelası karışıklığına yolcu şikayeti geldi.,yolcu_hizmetleri,8,complaint,3,P4,3,standart,relabel:gemini
Şişli peronunda kalabalık riski sebebiyle girişler geçici olarak kapatıldı.,yolcu_hizmetleri,8,incident_report,1,P2,1,standart,relabel:gemini
Kağıthane istasyonunda sabah vardiyasında sefer gecikmesi nedeni açıklanmadı.,yolcu_hizmetleri,8,complaint,3,P3,2,standart,relabel:gemini
"Mahmutbey yönlü tren gelmedi, yolcular bir sonraki sefere alındı.",yolcu_hizmetleri,8,incident_report,1,P3,2,standart,relabel:gemini
Peron dolu seferler gecikiyor Şişli,yolcu_hizmetleri,8,complaint,3,P2,1,devrik,relabel:gemini
Anons yok yolcular yanlış perona indi,yolcu_hizmetleri,8,complaint,3,P4,3,devrik,relabel:gemini
Sefer iptal nedeni belli değil Mecidiyeköy,yolcu_hizmetleri,8,complaint,3,P3,2,devrik,relabel:gemini
Tabela karışıklığı güney çıkış Kadıköy,yolcu_hizmetleri,8,complaint,3,P4,3,devrik,relabel:gemini
Personel eksliği yönlendirme yapılamıyor Ataköy,yolcu_hizmetleri,8,complaint,3,P3,2,devrik,relabel:gemini
Yoğunluk yüzünden seferler seyreltildi Yenikapı,yolcu_hizmetleri,8,complaint,3,P2,1,devrik,relabel:gemini
Anons eksik yolcular bekliyor Şişhane,yolcu_hizmetleri,8,complaint,3,P4,3,devrik,relabel:gemini
Kayıp eşya bildirimi artıyor Levent,guvenlik_asayis_olay,9,complaint,3,P4,3,devrik,relabel:gemini
Tarife uyuşmazlığı yolcu şikayetçi Kağıthane,yolcu_hizmetleri,8,complaint,3,P4,3,devrik,relabel:gemini
Peron kalabalık güvenlik uyardı Gayrettepe,guvenlik_asayis_olay,9,incident_report,1,P3,2,devrik,relabel:gemini
Sefer gelmedi açıklama yok Mahmutbey,yolcu_hizmetleri,8,complaint,3,P2,1,devrik,relabel:gemini
Yönlendirme personeli yok yoğunlukta Üsküdar,yolcu_hizmetleri,8,complaint,3,P3,2,devrik,relabel:gemini
Anons yanlış yönlendirme yapıldı Kirazlı,yolcu_hizmetleri,8,complaint,3,P3,2,devrik,relabel:gemini
Sefer gecikmesi tekrarlanıyor sabahları Olimpiyat,yolcu_hizmetleri,8,complaint,3,P2,1,devrik,relabel:gemini
Bilet kesimi yavaş kuyruk uzadı Halkalı,elektronik_sistemler,4,complaint,3,P3,2,devrik,relabel:gemini
Peron değişimi anons edilmedi Seyrantepe,yolcu_hizmetleri,8,complaint,3,P4,3,devrik,relabel:gemini
Yolcu düşmesi sefer iptal Sanayi,guvenlik_asayis_olay,9,incident_report,1,P1,0,devrik,relabel:gemini
Asansör önü kalabalık çıkış engelli 4.Levent,mekanik_istasyon,0,complaint,3,P3,2,devrik,relabel:gemini
Seferler arası süre uzadı İTÜ,yolcu_hizmetleri,8,complaint,3,P3,2,devrik,relabel:gemini
Personel gelmedi sefer iptal Atatürk Oto Sanayi,yolcu_hizmetleri,8,complaint,3,P2,1,devrik,relabel:gemini
Tabela eksik yolcular kayboldu Şişli kuzey,yolcu_hizmetleri,8,complaint,3,P4,3,devrik,relabel:gemini
Koridor geçişte yoğunluk riskli Mecidiyeköy,guvenlik_asayis_olay,9,incident_report,1,P2,1,devrik,relabel:gemini
Sefer gecikti neden anons yok Kadıköy,yolcu_hizmetleri,8,complaint,3,P3,2,devrik,relabel:gemini
Bilet holü personel yok Ataköy,istasyon_guvenlik,6,complaint,3,P2,1,devrik,relabel:gemini
Aktarma anonsu yapılmıyor karışıklık Yenikapı,yolcu_hizmetleri,8,complaint,3,P4,3,devrik,relabel:gemini
Peron geçişi kapalı yolcular bekliyor Şişhane,yolcu_hizmetleri,8,complaint,3,P3,2,devrik,relabel:gemini
Sefer iptali art arda ikinci Levent,yolcu_hizmetleri,8,complaint,3,P2,1,devrik,relabel:gemini
Yönlendirme tabelası yanlış yer gösteriyor Kağıthane,yolcu_hizmetleri,8,complaint,3,P4,3,devrik,relabel:gemini
Sefer seyreltildi personel eksliği Gayrettepe,yolcu_hizmetleri,8,complaint,3,P2,1,devrik,relabel:gemini
Anons sesi yok duyulmuyor Mahmutbey,yolcu_hizmetleri,8,complaint,3,P4,3,devrik,relabel:gemini
Peron yoğunluğu girişten alınıyor Üsküdar,yolcu_hizmetleri,8,incident_report,1,P3,2,devrik,relabel:gemini
Kayıp eşya teslimatı gecikiyor Kirazlı,guvenlik_asayis_olay,9,complaint,3,P4,3,devrik,relabel:gemini
Tarife değişikliği yolcular habersiz Olimpiyat,yolcu_hizmetleri,8,complaint,3,P4,3,devrik,relabel:gemini
Sefer gelmedi peron boş Halkalı,yolcu_hizmetleri,8,complaint,3,P3,2,devrik,relabel:gemini
Yolcu yönlendirmesi yapılmıyor akşam Seyrantepe,yolcu_hizmetleri,8,complaint,3,P4,3,devrik,relabel:gemini
Personel mola sefer bekletildi Sanayi,yolcu_hizmetleri,8,complaint,3,P3,2,devrik,relabel:gemini
Asansör kullanılamıyor yolcular zorlanıyor 4.Levent,mekanik_istasyon,0,fault_report,0,P3,2,devrik,relabel:gemini
Peron yoğunluk kontrolü yapılıyor İTÜ,yolcu_hizmetleri,8,incident_report,1,P3,2,devrik,relabel:gemini
Sefer gecikmesi sürekli Atatürk Oto Sanayi,yolcu_hizmetleri,8,complaint,3,P2,1,devrik,relabel:gemini
Pano yanlış güney çıkış Osmanbey,yolcu_hizmetleri,8,complaint,3,P4,3,devrik,relabel:gemini
Geçiş merdiveni basamak nose kırık,altyapi_insaat,10,fault_report,0,P3,2,cok_kisa,relabel:gemini
İstasyon giriş çatı su kaçağı,altyapi_insaat,10,fault_report,0,P3,2,cok_kisa,relabel:gemini
Teknik oda duvarı rutubetli,altyapi_insaat,10,fault_report,0,P4,3,cok_kisa,relabel:gemini
Ray havası boşluğu taş dolu,yol_yapisal,5,fault_report,0,P3,2,cok_kisa,relabel:gemini
Peron Köprüsü dilatasyon kauçuk sökük,altyapi_insaat,10,fault_report,0,P3,2,cok_kisa,relabel:gemini
Tünel portalı beton sökülmesi,altyapi_insaat,10,fault_report,0,P2,1,cok_kisa,relabel:gemini
Yolcu asansörü kuyu sulandı,altyapi_insaat,10,fault_report,0,P3,2,cok_kisa,relabel:gemini
Kontrol merkezi tavanı ıslak leke,altyapi_insaat,10,fault_report,0,P4,3,cok_kisa,relabel:gemini
Yangın merdiveni tavan sızıntısı,altyapi_insaat,10,fault_report,0,P3,2,cok_kisa,relabel:gemini
BİS ünitesi montaj platı çatlak,elektronik_sistemler,4,fault_report,0,P3,2,cok_kisa,relabel:gemini
Peron yönlendirme panosu duvardan düştü,yolcu_hizmetleri,8,fault_report,0,P3,2,cok_kisa,relabel:gemini
Tünel ışık kıvılcımlı kablo kanalı su,elektrik_enerji,1,fault_report,0,P1,0,cok_kisa,relabel:gemini
Viyadukt perdeli duvar yarık,altyapi_insaat,10,fault_report,0,P2,1,cok_kisa,relabel:gemini
Mezanin zemin mozaik çatlaklı,altyapi_insaat,10,fault_report,0,P4,3,cok_kisa,relabel:gemini
Su tankı tavanı sızma yapıyor,altyapi_insaat,10,fault_report,0,P3,2,cok_kisa,relabel:gemini
Trafik kontrol odası pencere çerçevesi çatlak,altyapi_insaat,10,fault_report,0,P4,3,cok_kisa,relabel:gemini
Peron sigortası ray arası boşluk büyüdü,yol_yapisal,5,fault_report,0,P2,1,cok_kisa,relabel:gemini
Tünel yatakta su birikmesi,altyapi_insaat,10,fault_report,0,P3,2,cok_kisa,relabel:gemini
Çıkış kapısı üst kiriş çatlak,altyapi_insaat,10,fault_report,0,P2,1,cok_kisa,relabel:gemini
Hava şaftı duvarı fayans dökülüyor,altyapi_insaat,10,fault_report,0,P3,2,cok_kisa,relabel:gemini
Yedek parça deposu tavanı damlıyor,altyapi_insaat,10,fault_report,0,P3,2,cok_kisa,relabel:gemini
Ataköy peron duvarı sızıntısı,altyapi_insaat,10,fault_report,0,P3,2,cok_kisa,relabel:gemini
Uzunçayır tavan sıva dökülmesi,altyapi_insaat,10,fault_report,0,P3,2,cok_kisa,relabel:gemini
Bağcılar tünel segment suyu,altyapi_insaat,10,fault_report,0,P3,2,cok_kisa,relabel:gemini
Kadıköy geçit fayans dökülmesi,altyapi_insaat,10,fault_report,0,P3,2,cok_kisa,relabel:gemini
Mecidiyeköy koridor duvar nemlenme,altyapi_insaat,10,fault_report,0,P4,3,cok_kisa,relabel:gemini
Gayrettepe bilet holü tavanı,altyapi_insaat,10,fault_report,0,P4,3,cok_kisa,relabel:gemini
YM-05 peron fayans kırığı,altyapi_insaat,10,fault_report,0,P4,3,cok_kisa,relabel:gemini
Çıkış merdiveni korkuluk kopuk,altyapi_insaat,10,fault_report,0,P3,2,cok_kisa,relabel:gemini
Üst geçit beton çatlak,altyapi_insaat,10,fault_report,0,P2,1,cok_kisa,relabel:gemini
"Mecidiyeköy istasyonu 2. peronda çöp konteyneri taşmış, etraf dağınık.",temizlik,7,fault_report,0,P4,3,standart,relabel:gemini
Şişhane güney çıkış tuvaletlerinde kusmuk lekesi ve kötü koku bildirildi.,temizlik,7,fault_report,0,P4,3,standart,relabel:gemini
"Kartal istasyonu üst kata doğru merdivenlerde buzlanma, tuzlama yapılmamış.",temizlik,7,fault_report,0,P1,0,standart,relabel:gemini
"Topkapı peron duvarında grafiti çizilmiş, temizlenmesi için ekip yönlendirildi.",temizlik,7,fault_report,0,P4,3,standart,relabel:gemini
"Yenikapı geçiş koridorunda dökülen ayran zemini kayganlaştırdı, temizlik bekliyor.",temizlik,7,fault_report,0,P1,0,standart,relabel:gemini
"Hacıosman B1 girişinde çöp kovası dolmuş, çöpler zemine dökülmüş.",temizlik,7,fault_report,0,P4,3,standart,relabel:gemini
"Atatürk Oto Sanayi istasyonu tuvaletlerinde su birikintisi değil, idrar kokusu şikayeti var.",temizlik,7,complaint,3,P4,3,standart,relabel:gemini
"Gayrettepe mezzanin katında sakız lekeleri zeminde çoklu, makine ile alınacak.",temizlik,7,fault_report,0,P4,3,standart,relabel:gemini
"Kağıthane istasyonu tünel ağzında fare görüldü, derinleştirme ilacı talep edildi.",temizlik,7,fault_report,0,P3,2,standart,relabel:gemini
"İTÜ-Ayazağa peronunda sigara izmaritleri birikmiş, periyodik temizlik sırasında toplanacak.",temizlik,7,fault_report,0,P4,3,standart,relabel:gemini
Çöp konteyneri taşmış Vezneciler peron,temizlik,7,fault_report,0,P4,3,devrik,relabel:gemini
Kahve dökülmüş 2. peron kaygan zemin,temizlik,7,fault_report,0,P1,0,devrik,relabel:gemini
Tuvaletler berbat koku veriyor Ataköy,temizlik,7,complaint,3,P4,3,devrik,relabel:gemini
Sakız yapışık dolu merdiven başları,temizlik,7,fault_report,0,P4,3,devrik,relabel:gemini
Fare görüldü bilet holü köşe başı,temizlik,7,fault_report,0,P3,2,devrik,relabel:gemini
Buzlanma var çıkış merdivenleri tuzlanmadı,temizlik,7,fault_report,0,P1,0,devrik,relabel:gemini
Grafiti duvarlar peron duvarı Sanayi Mahallesi,temizlik,7,fault_report,0,P4,3,devrik,relabel:gemini
İzmarit birikmiş gişe önü bancolar,temizlik,7,fault_report,0,P4,3,devrik,relabel:gemini
Kusma izi var vagon geçişi temizlenmedi,temizlik,7,fault_report,0,P3,2,devrik,relabel:gemini
Çöp kovası dolu çöp yere dökülmüş Esenler,temizlik,7,fault_report,0,P4,3,devrik,relabel:gemini
Yağlı su dökülmüş asansör kabini içi,temizlik,7,fault_report,0,P1,0,devrik,relabel:gemini
Tuvalet kağıtı bitmiş su basında 2. kat,temizlik,7,fault_report,0,P4,3,devrik,relabel:gemini
Kene viranı tespit edildi peron bankı altı,temizlik,7,fault_report,0,P2,1,devrik,relabel:gemini
Dondurma dökülmüş koltuk altı yapıştı,temizlik,7,fault_report,0,P4,3,devrik,relabel:gemini
Koku şiddetli üst geçit túneli Vezneciler,temizlik,7,fault_report,0,P4,3,devrik,relabel:gemini
Çöp torbası patlamış rüzgarla dağıldı peron,temizlik,7,fault_report,0,P4,3,devrik,relabel:gemini
Idrar kokusu yoğun erkek tuvaleti giriş,temizlik,7,fault_report,0,P4,3,devrik,relabel:gemini
Karton kutular birikmiş servis kapısı yanında,temizlik,7,fault_report,0,P4,3,devrik,relabel:gemini
Buz parçaları merdiven basamakları Ataköy çıkış,temizlik,7,fault_report,0,P1,0,devrik,relabel:gemini
Duvar yazılı boyalı peron sonu Sanayi Mahallesi,temizlik,7,fault_report,0,P4,3,devrik,relabel:gemini
Şişe camları kırık 1. peron kenarı,temizlik,7,fault_report,0,P1,0,devrik,relabel:gemini
Toz tel örgü dolu havalandırma şaftı,temizlik,7,fault_report,0,P4,3,devrik,relabel:gemini
Süt dökülmüş vagon tabanı yaklaştırma alarmı,temizlik,7,fault_report,0,P3,2,devrik,relabel:gemini
Tüy ve saç yığılı asansör köşeleri,temizlik,7,fault_report,0,P4,3,devrik,relabel:gemini
Çöp konteyneri kapaklı değil yağmur doldu,temizlik,7,fault_report,0,P4,3,devrik,relabel:gemini
Kum birikmiş giriş matları altı Esenler,temizlik,7,fault_report,0,P4,3,devrik,relabel:gemini
Boya spreyi kokusu kalıcı tünel geçidi,temizlik,7,fault_report,0,P3,2,devrik,relabel:gemini
Plastik poşetler uçuşuyor peron rüzgarıyla,temizlik,7,fault_report,0,P3,2,devrik,relabel:gemini
Tuvalet musluğu akıyor su birikimi yok temizlik,altyapi_insaat,10,fault_report,0,P3,2,devrik,relabel:gemini
Kırık bardak parçeleri yolcü koltuğu altı,temizlik,7,fault_report,0,P3,2,devrik,relabel:gemini
Hamur işi yapışık kapı rayları açılmıyor,mekanik_istasyon,0,fault_report,0,P3,2,devrik,relabel:gemini
YanıkLASTİK kokusu fren alanı peron başı,arac_tren,2,incident_report,1,P2,1,devrik,relabel:gemini
Sıvı sabun dökülmüş tuvalet girişi kaygan,temizlik,7,fault_report,0,P1,0,devrik,relabel:gemini
Ölü böcek yığını ışık armatürleri içinde,temizlik,7,fault_report,0,P4,3,devrik,relabel:gemini
Gazete dergisi dağınık bekleme alanları Ataköy,temizlik,7,fault_report,0,P4,3,devrik,relabel:gemini
Çöpten sıvı sızıyor peron altı kanal,temizlik,7,fault_report,0,P3,2,devrik,relabel:gemini
Kum tuzu ihtiyacı acil merdivenler buzlanma,temizlik,7,fault_report,0,P1,0,devrik,relabel:gemini
Vagon uçları çöp dolu servis sonu,temizlik,7,fault_report,0,P4,3,devrik,relabel:gemini
Boya damlaları yeni boyalı merdivelere dökülmüş,temizlik,7,fault_report,0,P4,3,devrik,relabel:gemini
Kokulu atık torbası unutulmuş koltuk arası,temizlik,7,fault_report,0,P3,2,devrik,relabel:gemini
Kireç birikimi tuvalet lavaboları temizlenmedi,temizlik,7,complaint,3,P4,3,devrik,relabel:gemini
Çamur ayakkabılarından peron zeminine bulaştı,temizlik,7,fault_report,0,P4,3,devrik,relabel:gemini
Çöp kovası taşmış Taksim peron,temizlik,7,fault_report,0,P3,2,devrik,relabel:gemini
Sakız yeri koltuk altı Hacıosman,temizlik,7,fault_report,0,P4,3,devrik,relabel:gemini
Tuvalet koku berbat Vezneciler alt,temizlik,7,complaint,3,P3,2,devrik,relabel:gemini
Fare görüldü tren altı Kartal,temizlik,7,incident_report,1,P3,2,devrik,relabel:gemini
Buzlu merdiven tuz atılmamış Yenikapı,temizlik,7,fault_report,0,P1,0,devrik,relabel:gemini
Yağ lekesi kaygan peron Atatürk Havalimanı,temizlik,7,fault_report,0,P1,0,devrik,relabel:gemini
Grafiti duvar peron uç Gayrettepe,temizlik,7,fault_report,0,P4,3,devrik,relabel:gemini
İzmarit birikimi bank arkası Kağıthane,temizlik,7,fault_report,0,P4,3,devrik,relabel:gemini
kartal peron cp kovasi tasiyr,temizlik,7,fault_report,0,P3,2,yazim_yanlisi,relabel:gemini
vezneciler grs buzlnma yaya kayir,temizlik,7,fault_report,0,P1,0,yazim_yanlisi,relabel:gemini
kirazli asansr kabn ic cok krl,temizlik,7,complaint,3,P3,2,yazim_yanlisi,relabel:gemini
haciosman tuvaletler brbat koku veryor,temizlik,7,complaint,3,P3,2,yazim_yanlisi,relabel:gemini
yenikapi peron skiz lekler cikmiyr,temizlik,7,fault_report,0,P4,3,yazim_yanlisi,relabel:gemini
gayrettepe biletmtk yan fre goruldu,temizlik,7,incident_report,1,P3,2,yazim_yanlisi,relabel:gemini
kadikoy cks dsen kola kaygn zemn,temizlik,7,fault_report,0,P1,0,yazim_yanlisi,relabel:gemini
tavsantepe peron dvr grafiti cizlms,temizlik,7,fault_report,0,P4,3,yazim_yanlisi,relabel:gemini
osmanbey yuryen merdvn basmk krl,temizlik,7,fault_report,0,P4,3,yazim_yanlisi,relabel:gemini
levent gcit izmarit cp dolu,temizlik,7,fault_report,0,P4,3,yazim_yanlisi,relabel:gemini
aksaray tuvalet lvabo donms buz var,temizlik,7,fault_report,0,P3,2,yazim_yanlisi,relabel:gemini
dort levent peron yere dsen kam,temizlik,7,fault_report,0,P4,3,yazim_yanlisi,relabel:gemini
sirkeci asansr kplrnda bnd yaprk klnt,temizlik,7,fault_report,0,P4,3,yazim_yanlisi,relabel:gemini
uskudar peron kmluk tasiyr cp,temizlik,7,fault_report,0,P4,3,yazim_yanlisi,relabel:gemini
bostanci grs ctak koku tuvalettn,temizlik,7,complaint,3,P4,3,yazim_yanlisi,relabel:gemini
dudullu bilt hol onnde ksmuk var,temizlik,7,fault_report,0,P4,3,yazim_yanlisi,relabel:gemini
mahmutbey yuryen merdvn yag kaygn,temizlik,7,fault_report,0,P4,3,yazim_yanlisi,relabel:gemini
mecidiyekoy alt gcit krl cp var,temizlik,7,fault_report,0,P4,3,yazim_yanlisi,relabel:gemini
kartal asansr ic idrr koku gclu,temizlik,7,complaint,3,P4,3,yazim_yanlisi,relabel:gemini
vezneciler peron yaprk cp brkmis,temizlik,7,fault_report,0,P4,3,yazim_yanlisi,relabel:gemini
kirazli tuvalet zemn krl kagt dolu,temizlik,7,fault_report,0,P4,3,yazim_yanlisi,relabel:gemini
haciosman cks merdvn buz tz yk,temizlik,7,fault_report,0,P4,3,yazim_yanlisi,relabel:gemini
yenikapi peron fre kcn goruldu,temizlik,7,fault_report,0,P4,3,yazim_yanlisi,relabel:gemini
gayrettepe asansr kabn cikolt lekl,temizlik,7,fault_report,0,P4,3,yazim_yanlisi,relabel:gemini
kadikoy biletmtk ustu izmarit dolu,temizlik,7,fault_report,0,P4,3,yazim_yanlisi,relabel:gemini
tavsantepe guvnlk yan cp trba ykik,temizlik,7,fault_report,0,P4,3,yazim_yanlisi,relabel:gemini
osmanbey peron dvr bya kalm grafiti,temizlik,7,fault_report,0,P4,3,yazim_yanlisi,relabel:gemini
levent tuvalet kabn kagt havl dolu,temizlik,7,fault_report,0,P4,3,yazim_yanlisi,relabel:gemini
aksaray yuryen merdvn kmluk ynk,temizlik,7,fault_report,0,P4,3,yazim_yanlisi,relabel:gemini
dort levent grs kat zmni cp,temizlik,7,fault_report,0,P4,3,yazim_yanlisi,relabel:gemini
sirkeci peron asansr cks buzlnma,temizlik,7,fault_report,0,P4,3,yazim_yanlisi,relabel:gemini
uskudar tuvalet yl krl cmur zi,temizlik,7,fault_report,0,P4,3,yazim_yanlisi,relabel:gemini
bostanci peron kse cp brkmis,temizlik,7,fault_report,0,P4,3,yazim_yanlisi,relabel:gemini
dudullu asansr ic skiz yapms,mekanik_istasyon,0,fault_report,0,P3,2,yazim_yanlisi,relabel:gemini
mahmutbey bilt hol kraz su lke,temizlik,7,fault_report,0,P4,3,yazim_yanlisi,relabel:gemini
mecidiyekoy cks merdvn buz tzlnms,temizlik,7,fault_report,0,P4,3,yazim_yanlisi,relabel:gemini
zeytnbrnu peron tuvalet kp krl,altyapi_insaat,10,fault_report,0,P3,2,yazim_yanlisi,relabel:gemini
pndk peron asansr kabn yazc tz,temizlik,7,fault_report,0,P4,3,yazim_yanlisi,relabel:gemini
atasehr yuryen merdvn yag lekesi,temizlik,7,fault_report,0,P4,3,yazim_yanlisi,relabel:gemini
tzla peron cp ygni grs,temizlik,7,fault_report,0,P4,3,yazim_yanlisi,relabel:gemini
atakoy guney cks cp konteyner tasmis,temizlik,7,fault_report,0,P4,3,yazim_yanlisi,relabel:gemini
taksim blt holu kagit havlu bitmis,temizlik,7,fault_report,0,P4,3,yazim_yanlisi,relabel:gemini
bostanci prsnl kps yan sakiz lkle ckmiyor,temizlik,7,fault_report,0,P4,3,yazim_yanlisi,relabel:gemini
yenikapi trnk bolge koku guclu tuvalet kapi,temizlik,7,complaint,3,P4,3,yazim_yanlisi,relabel:gemini
kadkoy asansr kabn yazici tozu dagli cok,temizlik,7,fault_report,0,P4,3,yazim_yanlisi,relabel:gemini
levent yuruyen merdiven buzlanti tuzlanmamis sabah,temizlik,7,fault_report,0,P4,3,yazim_yanlisi,relabel:gemini
atakoy cks dsen kola dkmus kaygn zemin,temizlik,7,fault_report,0,P4,3,yazim_yanlisi,relabel:gemini
taksim tuvalet kabn ic idrar lekesi koku,temizlik,7,fault_report,0,P4,3,yazim_yanlisi,relabel:gemini
bostanci peron kose fare goruldu cop yan,temizlik,7,fault_report,0,P4,3,yazim_yanlisi,relabel:gemini
yenikapi guney cks divar graffiti boya izi,temizlik,7,fault_report,0,P4,3,yazim_yanlisi,relabel:gemini
Kadıköy peronda çöp konteyneri taşmış,temizlik,7,fault_report,0,P4,3,cok_kisa,relabel:gemini
Vezneciler kuzey giriş buzlanma tuzlanmadı,temizlik,7,fault_report,0,P4,3,cok_kisa,relabel:gemini
Bostancı B2 tuvaleti koku şikayeti,temizlik,7,complaint,3,P4,3,cok_kisa,relabel:gemini
Şişli üst katağıda dökülen kahve lekesi,temizlik,7,fault_report,0,P4,3,cok_kisa,relabel:gemini
Kadıköy turnike bölgesi sakız lekeleri,temizlik,7,fault_report,0,P4,3,cok_kisa,relabel:gemini
Vezneciler peron duvarı graffiti boyama,temizlik,7,fault_report,0,P4,3,cok_kisa,relabel:gemini
Bostancı A1 giriş tuvalet banyo kağıtı yok,temizlik,7,fault_report,0,P4,3,cok_kisa,relabel:gemini
Şişli peronda sigara izmariti birikimi,temizlik,7,fault_report,0,P4,3,cok_kisa,relabel:gemini
Kadıköy asansör kabini kusmuk lekesi,temizlik,7,fault_report,0,P4,3,cok_kisa,relabel:gemini
Vezneciler geçit merdiveni buzlanma riski,altyapi_insaat,10,fault_report,0,P3,2,cok_kisa,relabel:gemini
Bostancı peron bankı altı çöp yığınlı,temizlik,7,fault_report,0,P4,3,cok_kisa,relabel:gemini
Şişli personel kapısı önü haşere görüldü,temizlik,7,fault_report,0,P4,3,cok_kisa,relabel:gemini
Kadıköy tuvalet lavabo musluğu kirli,temizlik,7,fault_report,0,P4,3,cok_kisa,relabel:gemini
Vezneciler bilet matik altı yağlı su,altyapi_insaat,10,fault_report,0,P3,2,cok_kisa,relabel:gemini
Bostancı peron zemin kayganlık uyarısı,altyapi_insaat,10,fault_report,0,P3,2,cok_kisa,relabel:gemini
Şişli güney çıkış merdiveni çöp dağınık,temizlik,7,fault_report,0,P4,3,cok_kisa,relabel:gemini
Kadıköy peron Camden koltuğu graffiti,temizlik,7,fault_report,0,P4,3,cok_kisa,relabel:gemini
Vezneciler tuvalet kapısı kilitlemiyor kirli,temizlik,7,fault_report,0,P4,3,cok_kisa,relabel:gemini
Bostancı peron çöp torbaları toplanmadı,temizlik,7,fault_report,0,P4,3,cok_kisa,relabel:gemini
Şişli metrobüs aktarma geçidi koku,temizlik,7,fault_report,0,P4,3,cok_kisa,relabel:gemini
Kadıköy peron YM-03 yanında dökülmüş su kaygan,temizlik,7,fault_report,0,P4,3,cok_kisa,relabel:gemini
Vezneciler asansör çağrı butonu yapışkan,mekanik_istasyon,0,fault_report,0,P3,2,cok_kisa,relabel:gemini
Bostancı tuvalet sabun dispenseri boş,temizlik,7,fault_report,0,P4,3,cok_kisa,relabel:gemini
Şişli peron 2 kenarı fasulye tabağı,temizlik,7,fault_report,0,P4,3,cok_kisa,relabel:gemini
Kadıköy kuzey mezzanin çatı altı güvercin pisliği,temizlik,7,fault_report,0,P4,3,cok_kisa,relabel:gemini
Vezneciler peron ışık direği boyama,altyapi_insaat,10,suggestion,4,P4,3,cok_kisa,relabel:gemini
Bostancı yürüyen merdiven basamağı yapışkan,temizlik,7,fault_report,0,P4,3,cok_kisa,relabel:gemini
Şişli tuvalet zemini sulu kirli,temizlik,7,fault_report,0,P4,3,cok_kisa,relabel:gemini
Kadıköy peron çöp kovası kapaklı ama dolu,temizlik,7,fault_report,0,P4,3,cok_kisa,relabel:gemini
Vezneciler geçit catlağı altı nemli koku,altyapi_insaat,10,fault_report,0,P3,2,cok_kisa,relabel:gemini
Bostancı peron Bank-12 yanında kırık şişe,temizlik,7,fault_report,0,P4,3,cok_kisa,relabel:gemini
Şişli üst geçit camı gözenekli kirli,temizlik,7,fault_report,0,P4,3,cok_kisa,relabel:gemini
Kadıköy peron tuzlama talebi acil,altyapi_insaat,10,fault_report,0,P3,2,cok_kisa,relabel:gemini
Vezneciler tuvalet havalandırma şaftı tozlu,temizlik,7,fault_report,0,P4,3,cok_kisa,relabel:gemini
Bostancı peron tren altı yağ damlaları,arac_tren,2,fault_report,0,P3,2,cok_kisa,relabel:gemini
Şişli personel tuvaleti idrar kokusu,temizlik,7,fault_report,0,P4,3,cok_kisa,relabel:gemini
Kadıköy B1 giriş camı grafiti çekilmiş,temizlik,7,fault_report,0,P4,3,cok_kisa,relabel:gemini
Vezneciler peron bankı altında eski gazete,temizlik,7,fault_report,0,P4,3,cok_kisa,relabel:gemini
Bostancı asansör pano tuvaleti kilitli kirli,temizlik,7,fault_report,0,P4,3,cok_kisa,relabel:gemini
Şişli peron 1 buzlanma erken müdahale,altyapi_insaat,10,fault_report,0,P3,2,cok_kisa,relabel:gemini
Kadıköy mezzanin çöp konteyneri yanında kutu,temizlik,7,fault_report,0,P4,3,cok_kisa,relabel:gemini
Vezneciler tuvalet aynası parmak izi lekeli,temizlik,7,fault_report,0,P4,3,cok_kisa,relabel:gemini
Şişli-Mecidiyeköy istasyonu turnike bölgesindeki CCTV kamera görüntüsünde anlık donmalar meydana gelmektedir.,sinyalizasyon_haberlesme,3,fault_report,0,P3,2,standart,relabel:gemini
Üsküdar istasyonu 1. peronda bulunan acil durum butonu basılmasına rağmen kumanda merkezine sinyal iletmiyor.,sinyalizasyon_haberlesme,3,fault_report,0,P1,0,standart,relabel:gemini
Bostancı istasyonu güney çıkışındaki yangın tüpünün önüne çöp konteyneri konulduğu tespit edilmiştir.,istasyon_guvenlik,6,fault_report,0,P2,1,standart,relabel:gemini
Şişhane istasyonu 2. peron peron ayırıcı kapı bölgesinde şüpheli sırt çantası ihbarı alınmıştır.,guvenlik_asayis_olay,9,incident_report,1,P1,0,standart,relabel:gemini
Sabah vardiyasında Gayrettepe istasyonu turnikelerinden akbilsiz ve kaçak geçiş yapan şahıslar görülmüştür.,guvenlik_asayis_olay,9,incident_report,1,P3,2,standart,relabel:gemini
Levent istasyonu acil çıkış kapısının önüne bırakılan koliler tahliye yolunu tamamen kapatmaktadır.,istasyon_guvenlik,6,fault_report,0,P1,0,standart,relabel:gemini
Yenikapı istasyonu X-ray cihazı başında görevli personel bulunmadığı için çanta kontrolleri yapılamamaktadır.,istasyon_guvenlik,6,fault_report,0,P2,1,standart,relabel:gemini
Taksim istasyonu peron alanındaki sarı çizgi kabartma kaplamalarının bir kısmı yerinden sökülmüştür.,altyapi_insaat,10,fault_report,0,P3,2,standart,relabel:gemini
Kadıköy istasyonu ana girişindeki güvenlik kamerasının açısı reklam panosu nedeniyle kapanmış durumdadır.,sinyalizasyon_haberlesme,3,fault_report,0,P3,2,standart,relabel:gemini
Öğle saatlerinde Otogar istasyonu peron bölümünde duran sahipsiz bir paket bildirilmiştir.,guvenlik_asayis_olay,9,incident_report,1,P1,0,standart,relabel:gemini
4. Levent istasyonu mekanik odasındaki yangın algılama sensörü yanlış alarm vermeye devam etmektedir.,sinyalizasyon_haberlesme,3,fault_report,0,P3,2,standart,relabel:gemini
Servis başlangıcında Ayrılık Çeşmesi istasyonundaki acil yardım butonunun kapağının kırık olduğu fark edilmiştir.,sinyalizasyon_haberlesme,3,fault_report,0,P3,2,standart,relabel:gemini
Gece vardiyasında Aksaray istasyonu turnike bölgesinde yetkisiz bir şahsın teknisyen odasına girmeye çalıştığı görüldü.,guvenlik_asayis_olay,9,incident_report,1,P2,1,standart,relabel:gemini
Bostancı istasyonu 1. peron zemininde bulunan sarı ikaz çizgileri yıpranmış ve görünürlüğünü kaybetmiştir.,altyapi_insaat,10,fault_report,0,P4,3,standart,relabel:gemini
Şişhane istasyonu kuzey turnikelerinde düzenli devriye gezmesi gereken güvenlik personeli alanında bulunmamaktadır.,istasyon_guvenlik,6,fault_report,0,P2,1,standart,relabel:gemini
M4 hattı treninde acil durum imdat freni kolunun mühürsüz olduğu tespit edilmiştir.,arac_tren,2,fault_report,0,P2,1,standart,relabel:gemini
Üsküdar istasyonu B3 katındaki yangın söndürme tüpünün basınç göstergesinin kırmızı bölgede olduğu görüldü.,sinyalizasyon_haberlesme,3,fault_report,0,P3,2,standart,relabel:gemini
Kartal istasyonu peron kamerasında görüntü kayması yaşanmakta ve netlik sağlanamamaktadır.,sinyalizasyon_haberlesme,3,fault_report,0,P3,2,standart,relabel:gemini
Ötmüyor acil ihbar butonu BSO-02 panosu girişinde.,sinyalizasyon_haberlesme,3,fault_report,0,P3,2,devrik,relabel:gemini
Yanıp sönüyor CCTV kamerası görüntü vermiyor üst katta.,sinyalizasyon_haberlesme,3,fault_report,0,P3,2,devrik,relabel:gemini
sisli istasyonu peron 2 cctv kamerasi goruntu vermiyo merkeze,sinyalizasyon_haberlesme,3,fault_report,0,P3,2,yazim_yanlisi,relabel:gemini
levent turnikelerde guvenlik personeli yok millet bilet basmadan geciyo,istasyon_guvenlik,6,complaint,3,P3,2,yazim_yanlisi,relabel:gemini
yenikapi alt kat acil cikis kapisi zincirle kilitlenmis acil durum riski,altyapi_insaat,10,fault_report,0,P1,0,yazim_yanlisi,relabel:gemini
sirinevler orta peron yangin tupunun onune koli yigmislar erisim kapali,istasyon_guvenlik,6,fault_report,0,P1,0,yazim_yanlisi,relabel:gemini
taksim istasyonu yardim butonu basili kalmis merkeze sinyal dusmuyo,sinyalizasyon_haberlesme,3,fault_report,0,P3,2,yazim_yanlisi,relabel:gemini
bostanci gise bolgesinde sahipsiz siyah sirt cantasi var supheli paket,guvenlik_asayis_olay,9,incident_report,1,P1,0,yazim_yanlisi,relabel:gemini
gayrettepe peron sari cizgi ihlal ikaz flasoru calismiyo yolcu riski,sinyalizasyon_haberlesme,3,fault_report,0,P2,1,yazim_yanlisi,relabel:gemini
kadikoy turnike bolgesinde x-ray cihazi basinda gorevli yok kontrol yapilmiyo,istasyon_guvenlik,6,complaint,3,P3,2,yazim_yanlisi,relabel:gemini
kirazli istasyonu acil durum cikis kapisi alarm vermeden aciliyo,sinyalizasyon_haberlesme,3,fault_report,0,P3,2,yazim_yanlisi,relabel:gemini
uskudar peron gise katindaki kamera acisi panoyla kapatilmis gorunmuyo,sinyalizasyon_haberlesme,3,fault_report,0,P3,2,yazim_yanlisi,relabel:gemini
ayrilik cesmesi peron 1 yardim butonu tusu kirilmis basilmiyo,sinyalizasyon_haberlesme,3,fault_report,0,P3,2,yazim_yanlisi,relabel:gemini
sisli gise tarafinda genc bir grup turnikeden atlayip kacti,guvenlik_asayis_olay,9,incident_report,1,P4,3,yazim_yanlisi,relabel:gemini
levent istasyonu yangin dolabinin cami kirik hortum disari sarkmis,istasyon_guvenlik,6,fault_report,0,P3,2,yazim_yanlisi,relabel:gemini
yenikapi transfer katinda devriye gezen guvenlik personeli hic yok,istasyon_guvenlik,6,complaint,3,P3,2,yazim_yanlisi,relabel:gemini
sirinevler peronda sari cizgi ikaz sesli uyarisi devreye girmiyo,sinyalizasyon_haberlesme,3,fault_report,0,P3,2,yazim_yanlisi,relabel:gemini
taksim peron sonundaki acil cikis koridoru supheli paket sebebiyle kapatilmali,guvenlik_asayis_olay,9,incident_report,1,P1,0,yazim_yanlisi,relabel:gemini
bostanci istasyonu gise katinda supheli sahis surekli dolaniyo cantalara bakiyo,guvenlik_asayis_olay,9,incident_report,1,P2,1,yazim_yanlisi,relabel:gemini
gayrettepe 3 nolu turnike kart okutmadan zorlanarak aciliyo kacak gecis var,mekanik_istasyon,0,fault_report,0,P3,2,yazim_yanlisi,relabel:gemini
kadikoy peron cctv kamerasi sallaniyo acisi tamamen yere kaymis,sinyalizasyon_haberlesme,3,fault_report,0,P3,2,yazim_yanlisi,relabel:gemini
kirazli istasyon yonetim odasi yanindaki yangin butonunun koruma cami yok,sinyalizasyon_haberlesme,3,fault_report,0,P3,2,yazim_yanlisi,relabel:gemini
uskudar gise girisinde x-ray bagaj kontrol noktasi bos birakilmis,istasyon_guvenlik,6,complaint,3,P3,2,yazim_yanlisi,relabel:gemini
ayrilik cesmesi alt peronda acil cagri butonu yankilaniyo ses gitmiyo,sinyalizasyon_haberlesme,3,fault_report,0,P3,2,yazim_yanlisi,relabel:gemini
sisli perondaki yangin tupu yerinde yok calinmis veya kaldirilmis,sinyalizasyon_haberlesme,3,fault_report,0,P3,2,yazim_yanlisi,relabel:gemini
levent gise bolgesi turnikelerden surekli kacak gecis yapiliyo eleman lazim,istasyon_guvenlik,6,complaint,3,P3,2,yazim_yanlisi,relabel:gemini
yenikapi peron 3 sari cizgi sensoru surekli yanlis alarm veriyo,sinyalizasyon_haberlesme,3,fault_report,0,P3,2,yazim_yanlisi,relabel:gemini
sirinevler gise alti supheli paket ihbari var polis gelene kadar,guvenlik_asayis_olay,9,incident_report,1,P1,0,yazim_yanlisi,relabel:gemini
taksim perondaki panik butonu kapagi yerinden cikmis basilamiyo,sinyalizasyon_haberlesme,3,fault_report,0,P3,2,yazim_yanlisi,relabel:gemini
bostanci turnike girisinde tek guvenlik personeli var yetersiz kaliyo,istasyon_guvenlik,6,complaint,3,P3,2,yazim_yanlisi,relabel:gemini
gayrettepe istasyonu peron kamerasi kamera-04 goruntusu donuyo,sinyalizasyon_haberlesme,3,fault_report,0,P3,2,yazim_yanlisi,relabel:gemini
kadikoy alt kat acil cikis kapisinin onune temizlik arabasi park edilmis,istasyon_guvenlik,6,fault_report,0,P3,2,yazim_yanlisi,relabel:gemini
kirazli peronda duran sahipsiz poset icinde ne oldugu belirsiz supheli,guvenlik_asayis_olay,9,incident_report,1,P1,0,yazim_yanlisi,relabel:gemini
uskudar peron 2 yangin algilama dedektoru kirmizi isigi surekli yanip sonuyo,sinyalizasyon_haberlesme,3,fault_report,0,P3,2,yazim_yanlisi,relabel:gemini
ayrilik cesmesi gise kisminda turnikeden atlayanlara kimse mudahale etmiyo,istasyon_guvenlik,6,complaint,3,P3,2,yazim_yanlisi,relabel:gemini
sisli peron sari cizgi sesli ikaz sistemi baslamiyo tren girerken,sinyalizasyon_haberlesme,3,fault_report,0,P3,2,yazim_yanlisi,relabel:gemini
levent perondaki acil telefon ahizesi kopuk merkeze ulasilamiyo,sinyalizasyon_haberlesme,3,fault_report,0,P3,2,yazim_yanlisi,relabel:gemini
yenikapi gise girisi cctv-12 acisi reklam panosuyla kapanmis,sinyalizasyon_haberlesme,3,fault_report,0,P3,2,yazim_yanlisi,relabel:gemini
sirinevler turnike bolgesinde gecenin bu saatinde hic personel yok,istasyon_guvenlik,6,complaint,3,P3,2,yazim_yanlisi,relabel:gemini
taksim peron sonu yangin hortumu dolabinin kapagi kilitlenmiyo acik kalmis,istasyon_guvenlik,6,fault_report,0,P3,2,yazim_yanlisi,relabel:gemini
Kamera CAM-12 görüntüsü bulanık veriyor,sinyalizasyon_haberlesme,3,fault_report,0,P3,2,cok_kisa,relabel:gemini
Yangın söndürme tüpü basıncı düşmüş,sinyalizasyon_haberlesme,3,fault_report,0,P3,2,cok_kisa,relabel:gemini
Kadıköy turnike kaçak geçiş alarmı ötüyor,elektronik_sistemler,4,fault_report,0,P3,2,cok_kisa,relabel:gemini
Yenikapı peron sonu acil çıkış kilitli,mekanik_istasyon,0,fault_report,0,P1,0,cok_kisa,relabel:gemini
Şişli istasyonunda sahipsiz valiz var,guvenlik_asayis_olay,9,incident_report,1,P1,0,cok_kisa,relabel:gemini
Alt kat CCTV kamerası sallanıyor,sinyalizasyon_haberlesme,3,fault_report,0,P3,2,cok_kisa,relabel:gemini
Gayrettepe acil yardım butonu kırık,sinyalizasyon_haberlesme,3,fault_report,0,P3,2,cok_kisa,relabel:gemini
Topkapı peron güvenlik personeli eksik,istasyon_guvenlik,6,complaint,3,P3,2,cok_kisa,relabel:gemini
Yangın tüpü erişimi panoyla engelli,istasyon_guvenlik,6,fault_report,0,P1,0,cok_kisa,relabel:gemini
Turnike 4 kaçak geçiş uyarısı veriyor,elektronik_sistemler,4,fault_report,0,P3,2,cok_kisa,relabel:gemini
Üsküdar bilet holü kamera açısı bozuk,sinyalizasyon_haberlesme,3,fault_report,0,P3,2,cok_kisa,relabel:gemini
Bostancı acil çıkış kapısı kilitli.,mekanik_istasyon,0,fault_report,0,P1,0,cok_kisa,relabel:gemini
Hacıosman peron ihbar butonu basılı.,sinyalizasyon_haberlesme,3,fault_report,0,P3,2,cok_kisa,relabel:gemini
Kirazlı X-ray başında personel yok.,istasyon_guvenlik,6,complaint,3,P3,2,cok_kisa,relabel:gemini
Turnike üstünden atlayan şahıs var.,guvenlik_asayis_olay,9,incident_report,1,P3,2,cok_kisa,relabel:gemini
Bostancı 2. peronda sahipsiz paket.,guvenlik_asayis_olay,9,incident_report,1,P1,0,cok_kisa,relabel:gemini
Yangın dolabı kapağı açılmıyor sıkışmış.,mekanik_istasyon,0,fault_report,0,P3,2,cok_kisa,relabel:gemini
Hacıosman turnike kaçak geçiş sensörü arızalı.,elektronik_sistemler,4,fault_report,0,P3,2,cok_kisa,relabel:gemini
Personel kapısı kilitlenmiyor yetkisiz giriş var.,mekanik_istasyon,0,fault_report,0,P2,1,cok_kisa,relabel:gemini
Asansör önü kamera görüntüsü karıncalı.,sinyalizasyon_haberlesme,3,fault_report,0,P3,2,cok_kisa,relabel:gemini
Kirazlı acil yardım butonu yanıt vermiyor.,sinyalizasyon_haberlesme,3,fault_report,0,P3,2,cok_kisa,relabel:gemini
BSO-02 kamerası önü afişle kapatılmış.,istasyon_guvenlik,6,fault_report,0,P3,2,cok_kisa,relabel:gemini
Şişli istasyonu 1. peronda yolculara sözlü sataşmada bulunan şahıs güvenlik personeli tarafından dışarı çıkarıldı.,guvenlik_asayis_olay,9,incident_report,1,P4,3,standart,relabel:gemini
Taksim istasyonu güney çıkışında izinsiz dilencilik yapan kişi kolluk kuvvetlerine teslim edilmek üzere alıkoyuldu.,guvenlik_asayis_olay,9,incident_report,1,P3,2,standart,relabel:gemini
Levent istasyonunda vagon içerisinde sigara içen ve uyarılara uymayan yolcu M2-04 treninden indirildi.,guvenlik_asayis_olay,9,incident_report,1,P4,3,standart,relabel:gemini
Şirinevler istasyonu bilet holünde fiziki kavgaya tutuşan iki şahıs güvenlik ekiplerince müdahale edilerek ayrıldı.,guvenlik_asayis_olay,9,incident_report,1,P4,3,standart,relabel:gemini
Yenikapı istasyonu aktarma koridorunda yolcunun çantasını çalmaya çalışan yankesici polis ekiplerince gözaltına alındı.,guvenlik_asayis_olay,9,incident_report,1,P4,3,standart,relabel:gemini
Kadıköy istasyonu peron alanında çevreye rahatsızlık veren alkollü şahıs bölgeden uzaklaştırıldı.,guvenlik_asayis_olay,9,incident_report,1,P4,3,standart,relabel:gemini
Mecidiyeköy istasyonu 2. peronda ray hattına atlayarak intihar girişiminde bulunan yolcu son anda kurtarıldı.,guvenlik_asayis_olay,9,incident_report,1,P1,0,standart,relabel:gemini
Gayrettepe istasyonu turnike bölgesinde kimlik ibraz etmeyi reddedip görevlilere hakaret eden kişi polis merkezine götürüldü.,guvenlik_asayis_olay,9,incident_report,1,P4,3,standart,relabel:gemini
Üsküdar istasyonu yolcu bekleme alanında yasaklı madde kullandığı tespit edilen şahıs emniyet mensuplarına teslim edildi.,guvenlik_asayis_olay,9,incident_report,1,P4,3,standart,relabel:gemini
Ayrılık Çeşmesi istasyonunda kadın yolcuyu sözlü olarak taciz eden şüpheli güvenlik görevlilerince yakalandı.,guvenlik_asayis_olay,9,incident_report,1,P4,3,standart,relabel:gemini
Otogar istasyonu kuzey girişinde yolcuların eşyalarını çalmaya çalışan hırsız kameralarca tespit edilip alıkoyuldu.,guvenlik_asayis_olay,9,incident_report,1,P4,3,standart,relabel:gemini
Kirazlı istasyonu peron katında diğer yolculara küfredip tehdit savuran kişi kolluk kuvvetlerine bildirildi.,guvenlik_asayis_olay,9,incident_report,1,P3,2,standart,relabel:gemini
Bostancı istasyonunda tren vagonu içerisinde sigara yakan yolcu güvenlik tarafından araçtan çıkartıldı.,guvenlik_asayis_olay,9,incident_report,1,P4,3,standart,relabel:gemini
Şişli istasyonu turnike alanında görevli personele fiili saldırıda bulunan şahıs emniyet güçlerince gözaltına alındı.,guvenlik_asayis_olay,9,incident_report,1,P4,3,standart,relabel:gemini
Levent istasyonu aktarma vagonunda yolcunun cep telefonunu çalan yankesici diğer yolcuların yardımıyla yakalandı.,guvenlik_asayis_olay,9,incident_report,1,P4,3,standart,relabel:gemini
Taksim istasyonunda raylara inmeye çalışan alkollü kişi acil müdahale edilerek peron alanına geri çekildi.,guvenlik_asayis_olay,9,incident_report,1,P1,0,standart,relabel:gemini
Şirinevler istasyonu çıkış merdivenlerinde dilencilik yaparak geçişi engelleyen kişi dışarı çıkartıldı.,guvenlik_asayis_olay,9,incident_report,1,P3,2,standart,relabel:gemini
Yenikapı istasyonu peronunda yolculara bıçak çekerek para isteyen şahıs emniyetçe etkisiz hale getirildi.,guvenlik_asayis_olay,9,incident_report,1,P1,0,standart,relabel:gemini
Çaldı cep telefonunu kalabalıkta kaçtı Levent yönüne.,guvenlik_asayis_olay,9,incident_report,1,P3,2,devrik,relabel:gemini
Sataştı çevreye yüksek sesle küfreden yolcu 1. peronda.,guvenlik_asayis_olay,9,incident_report,1,P3,2,devrik,relabel:gemini
sisli istasyonunda perona atlayan yolcu intihar girisiminde bulundu,guvenlik_asayis_olay,9,incident_report,1,P1,0,yazim_yanlisi,relabel:gemini
taksim turnike katinda yankesicilik yapan kisi polis tarafindan yakalandi,guvenlik_asayis_olay,9,incident_report,1,P3,2,yazim_yanlisi,relabel:gemini
haciosman son durakta M-02 vagonu icinde sigara icen yolcu uyarildi,guvenlik_asayis_olay,9,incident_report,1,P4,3,yazim_yanlisi,relabel:gemini
sirinevler ust katinda dilencilik yapan sahis uzaklastirildi,guvenlik_asayis_olay,9,incident_report,1,P3,2,yazim_yanlisi,relabel:gemini
levent aktarma koridorinda kavgaya karisan iki kisi karakola goturuldu,guvenlik_asayis_olay,9,incident_report,1,P3,2,yazim_yanlisi,relabel:gemini
yenikapi 1 peronda yolculara laf atan alkollu sahis polis cagirildi,guvenlik_asayis_olay,9,incident_report,1,P3,2,yazim_yanlisi,relabel:gemini
gayrettepe bilet bolgesinde cuzdan calan hirsiz guvenlik tarafindan yakalandi,guvenlik_asayis_olay,9,incident_report,1,P3,2,yazim_yanlisi,relabel:gemini
kadikoy istasyonunda bayan yolcuyu taciz eden sahis karakola goturuldu,guvenlik_asayis_olay,9,incident_report,1,P2,1,yazim_yanlisi,relabel:gemini
uskudar peron katinda yasak madde kullanan sahis polise teslim edildi,guvenlik_asayis_olay,9,incident_report,1,P3,2,yazim_yanlisi,relabel:gemini
otogar girisinde guvenlik gorevlisine kufur eden yolcu alikoyuldu,guvenlik_asayis_olay,9,incident_report,1,P3,2,yazim_yanlisi,relabel:gemini
sisli peron bolgesinde kesici alet ceken sahis etkisiz hale getirildi,guvenlik_asayis_olay,9,incident_report,1,P1,0,yazim_yanlisi,relabel:gemini
taksim A-12 vagon icinde diger yolcularla kavga eden sahis indirildi,guvenlik_asayis_olay,9,incident_report,1,P3,2,yazim_yanlisi,relabel:gemini
sirinevler kuzey girisinde dilencilik yapan kadin bolgeden uzaklastirildi,guvenlik_asayis_olay,9,incident_report,1,P3,2,yazim_yanlisi,relabel:gemini
haciosman bilet holunde kimlik ibraz etmeyen sahis polise bildirildi,guvenlik_asayis_olay,9,incident_report,1,P3,2,yazim_yanlisi,relabel:gemini
levent 2 peronda intihar girisimi son anda engellendi,guvenlik_asayis_olay,9,incident_report,1,P1,0,yazim_yanlisi,relabel:gemini
yenikapi aktarma katinda bir yolcunun telefonunu calan sahis yakalandi,guvenlik_asayis_olay,9,incident_report,1,P3,2,yazim_yanlisi,relabel:gemini
gayrettepe turnikeler yaninda fiziki siddet uygulayan yolcu polise verildi,guvenlik_asayis_olay,9,incident_report,1,P2,1,yazim_yanlisi,relabel:gemini
kirazli istasyonu T-04 vagonda sigara icen iki kisi karakolluk oldu,guvenlik_asayis_olay,9,incident_report,1,P3,2,yazim_yanlisi,relabel:gemini
mecidiyekoy peron ortasinda bagirip kufur eden sahis durduruldu,guvenlik_asayis_olay,9,incident_report,1,P3,2,yazim_yanlisi,relabel:gemini
vezneciler ust katinda yankesicilik vakasi polise ihbar edildi,guvenlik_asayis_olay,9,incident_report,1,P3,2,yazim_yanlisi,relabel:gemini
bostanci istasyonunda kadin yolcuya sozlu taciz yapan kisi alikoyuldu,guvenlik_asayis_olay,9,incident_report,1,P3,2,yazim_yanlisi,relabel:gemini
umraniye peron katinda kavgaya tutusan gruba guvenlik mudahale etti,guvenlik_asayis_olay,9,incident_report,1,P2,1,yazim_yanlisi,relabel:gemini
kartal bilet bolgesinde yasak madde satan sahis polise yakalattirildi,guvenlik_asayis_olay,9,incident_report,1,P3,2,yazim_yanlisi,relabel:gemini
taksim PSD-02 kapisinda tren onune atlamaya calisan yolcu kurtarildi,guvenlik_asayis_olay,9,incident_report,1,P1,0,yazim_yanlisi,relabel:gemini
sirinevler peronunda bir kisinin cantasini kapip kacan hirsiz yakalandi,guvenlik_asayis_olay,9,incident_report,1,P3,2,yazim_yanlisi,relabel:gemini
sisli giris kapisinda zorla para isteyen dilenci uzaklastirildi,guvenlik_asayis_olay,9,incident_report,1,P3,2,yazim_yanlisi,relabel:gemini
levent vagonunda diger yolculara hakaret eden sahis disari cikarildi,guvenlik_asayis_olay,9,incident_report,1,P3,2,yazim_yanlisi,relabel:gemini
yenikapi m2 peronunda bicakla tehdit savuran sahis alikoyuldu,guvenlik_asayis_olay,9,incident_report,1,P1,0,yazim_yanlisi,relabel:gemini
haciosman turnikelerde guvenlik personeline saldiran yolcu polise teslim edildi,guvenlik_asayis_olay,9,incident_report,1,P2,1,yazim_yanlisi,relabel:gemini
kadikoy rhtim girisinde kavga cikaran iki kisi karakola goturuldu,guvenlik_asayis_olay,9,incident_report,1,P3,2,yazim_yanlisi,relabel:gemini
uskudar K-03 tren icinde izinsiz madde kullanan sahis indirildi,guvenlik_asayis_olay,9,incident_report,1,P3,2,yazim_yanlisi,relabel:gemini
gayrettepe peron alaninda kadin yolcuyu takip edip taciz eden kisi yakalandi,guvenlik_asayis_olay,9,incident_report,1,P2,1,yazim_yanlisi,relabel:gemini
otogar peron katinda yolcunun cebinden para calan sahis tutuklandi,guvenlik_asayis_olay,9,incident_report,1,P3,2,yazim_yanlisi,relabel:gemini
vezneciler turnike katinda kufur eden alkollu yolcu polise devredildi,guvenlik_asayis_olay,9,incident_report,1,P3,2,yazim_yanlisi,relabel:gemini
kirazli aktarma koridorunda kavga eden iki grup guvenlikce ayrildi,guvenlik_asayis_olay,9,incident_report,1,P2,1,yazim_yanlisi,relabel:gemini
mecidiyekoy 2 peronda intihara kalkisan yolcu ikna edildi,guvenlik_asayis_olay,9,incident_report,1,P1,0,yazim_yanlisi,relabel:gemini
aksaray bilet holunde yankesicilik yaparken yakalanan sahis polise verildi,guvenlik_asayis_olay,9,incident_report,1,P3,2,yazim_yanlisi,relabel:gemini
bakirkoy istasyonunda vagon icinde elektronik sigara icen yolcu uyarildi,guvenlik_asayis_olay,9,incident_report,1,P4,3,yazim_yanlisi,relabel:gemini
Merdiven fehlı 단계 bozuk,mekanik_istasyon,0,fault_report,0,P3,2,cok_kisa,relabel:gemini
Asansör düğme paneli sökük,mekanik_istasyon,0,fault_report,0,P3,2,cok_kisa,relabel:gemini
PSD acil açma bozuk,sinyalizasyon_haberlesme,3,fault_report,0,P2,1,cok_kisa,relabel:gemini
Turnike rotör kilitlenmiş,mekanik_istasyon,0,fault_report,0,P3,2,cok_kisa,relabel:gemini
Kat kapısı lastiği soyuldu,mekanik_istasyon,0,fault_report,0,P3,2,cok_kisa,relabel:gemini
Yürüyen merdiven motor ısınma,mekanik_istasyon,0,fault_report,0,P3,2,cok_kisa,relabel:gemini
Asansör limit switch arızalı,mekanik_istasyon,0,fault_report,0,P3,2,cok_kisa,relabel:gemini
PSD kamalı kilidi bozulmuş,sinyalizasyon_haberlesme,3,fault_report,0,P2,1,cok_kisa,relabel:gemini
Turnike reader kapağı yok,elektronik_sistemler,4,fault_report,0,P4,3,cok_kisa,relabel:gemini
Otomatik kapı rayı kirli,mekanik_istasyon,0,fault_report,0,P3,2,cok_kisa,relabel:gemini
Bariyer hidrolik yağı sızıyor,mekanik_istasyon,0,fault_report,0,P3,2,cok_kisa,relabel:gemini
Merdiven başlangıç plakası kalkık,mekanik_istasyon,0,fault_report,0,P2,1,cok_kisa,relabel:gemini
Asansör ışığı yanmıyor,mekanik_istasyon,0,fault_report,0,P3,2,cok_kisa,relabel:gemini
PSD camı çatlaklı,sinyalizasyon_haberlesme,3,fault_report,0,P2,1,cok_kisa,relabel:gemini
Turnike mécanik sayaç durdu,mekanik_istasyon,0,fault_report,0,P4,3,cok_kisa,relabel:gemini
Kapı kolu bağlantısı koptu,mekanik_istasyon,0,fault_report,0,P3,2,cok_kisa,relabel:gemini
Yürüyen merdiven durdurma tuşu bozuk,mekanik_istasyon,0,fault_report,0,P2,1,cok_kisa,relabel:gemini
Asansör kapı lastiği kopuk,mekanik_istasyon,0,fault_report,0,P3,2,cok_kisa,relabel:gemini
PSD kapak arası boşluk var,sinyalizasyon_haberlesme,3,fault_report,0,P2,1,cok_kisa,relabel:gemini
Turnike geçiş yönü kilitli,mekanik_istasyon,0,fault_report,0,P3,2,cok_kisa,relabel:gemini
Hacıosman yürüyen merdiven titreşiyor,mekanik_istasyon,0,fault_report,0,P3,2,cok_kisa,relabel:gemini
Şirinevler PSD-04 açılamıyor,sinyalizasyon_haberlesme,3,fault_report,0,P2,1,cok_kisa,relabel:gemini
Üsküdar turnike 3 kol sıkıştı,mekanik_istasyon,0,fault_report,0,P3,2,cok_kisa,relabel:gemini
Bostancı koridor bariyer kalkmıyor,mekanik_istasyon,0,fault_report,0,P3,2,cok_kisa,relabel:gemini
Şirinevler 1. peron merdiven durdu,mekanik_istasyon,0,fault_report,0,P3,2,cok_kisa,relabel:gemini
Üsküdar giriş kapısı takıldı,mekanik_istasyon,0,fault_report,0,P3,2,cok_kisa,relabel:gemini
Bostancı YM-02 fren gecikmeli,mekanik_istasyon,0,fault_report,0,P2,1,cok_kisa,relabel:gemini
Hacıosman turnike 1 gövde çatlak,mekanik_istasyon,0,fault_report,0,P4,3,cok_kisa,relabel:gemini
Şirinevler asansör duraklamıyor,mekanik_istasyon,0,fault_report,0,P2,1,cok_kisa,relabel:gemini
Üsküdar peron kapısı yarım açık,sinyalizasyon_haberlesme,3,fault_report,0,P1,0,cok_kisa,relabel:gemini
Kadıköy yönlü trende 2 numaralı vagon klima çalışmıyor.,arac_tren,2,fault_report,0,P3,2,standart,relabel:gemini
Mecidiyeköy istasyonunda 3 numaralı vagondaki kapı kapanmıyor.,arac_tren,2,fault_report,0,P1,0,standart,relabel:gemini
Yenikapı başlangıçlı seferde 1 nolu vagon freni sürtünme yapıyor.,arac_tren,2,fault_report,0,P2,1,standart,relabel:gemini
Bostancı yönlü trende 4 numaralı vagon ışıkları yanıp sönüyor.,arac_tren,2,fault_report,0,P3,2,standart,relabel:gemini
Taksim istasyonunda 6 nolu vagondaki yolcu anonsu duyulmuyor.,arac_tren,2,fault_report,0,P3,2,standart,relabel:gemini
Üsküdar'dan giden 112 sefer makinist kabini klima bozuk.,arac_tren,2,fault_report,0,P3,2,standart,relabel:gemini
Levent istasyonunda 5 numaralı vagon sağ kapı açılmıyor.,arac_tren,2,fault_report,0,P2,1,standart,relabel:gemini
Atatürk Oto Sanayi yönlü trende 3 nolu vagon koltukları yırtık.,arac_tren,2,fault_report,0,P4,3,standart,relabel:gemini
Dudullu başlangıçlı seferde makinist fren kolu sertleşmiş durumda.,arac_tren,2,fault_report,0,P2,1,standart,relabel:gemini
Kartal yönlü trende 2 numaralı vagon motor sesi yüksek.,arac_tren,2,fault_report,0,P3,2,standart,relabel:gemini
Kirazlı istasyonu acil tahliye kapısının kilidi sıkışmış olup manuel olarak açılamamaktadır.,mekanik_istasyon,0,fault_report,0,P1,0,standart,relabel:gemini
M2-04 kodlu tren içerisinde yolcuların acil durum iletişim butonuna basması üzerine ses iletimi gerçekleşmemektedir.,arac_tren,2,fault_report,0,P1,0,standart,relabel:gemini
Göztepe istasyonu turnikelerinin üzerinden atlayarak kaçak giriş yapan yolcular için müdahale edilememiştir.,guvenlik_asayis_olay,9,incident_report,1,P3,2,standart,relabel:gemini
Hacıosman istasyonu peron alanındaki CCTV-03 kodlu kameranın merceği tozlanma nedeniyle bulanık göstermektedir.,sinyalizasyon_haberlesme,3,fault_report,0,P3,2,standart,relabel:gemini
Öğle saatlerinde Vezneciler istasyonunda devriye personeli eksikliği sebebiyle çanta kontrol alanında yoğunluk oluşmuştur.,istasyon_guvenlik,6,complaint,3,P3,2,standart,relabel:gemini
Altunizade istasyonu yolcu aktarma koridorundaki şüpheli paket ihbarı üzerine alan güvenlik çemberine alınmıştır.,guvenlik_asayis_olay,9,incident_report,1,P1,0,standart,relabel:gemini
Mecidiyeköy istasyonu peron 2 hizasında bulunan yangın ihbar butonunun camı kırılmış durumdadır.,sinyalizasyon_haberlesme,3,fault_report,0,P3,2,standart,relabel:gemini
Pendik istasyonu peron kenarındaki sarı ikaz çizgilerinin yıpranması can güvenliği riski oluşturmaktadır.,altyapi_insaat,10,fault_report,0,P1,0,standart,relabel:gemini
Osmanbey istasyonu güney turnike alanındaki X-ray-02 cihazının kontrol ekranında kararma meydana gelmektedir.,sinyalizasyon_haberlesme,3,fault_report,0,P3,2,standart,relabel:gemini
M4 hattı 12 numaralı trende bulunan yangın söndürücünün muhafaza kutusu kapağı yerinden çıkmıştır.,arac_tren,2,fault_report,0,P3,2,standart,relabel:gemini
Servis başlangıcında Kabataş istasyonu acil durum çıkış kapısının dışarıdan kilitli kaldığı tespit edilmiştir.,mekanik_istasyon,0,fault_report,0,P1,0,standart,relabel:gemini
Yenikapı istasyonu M2 aktarma tünelinde dolaşan şüpheli şahıs hakkında kumanda merkezine bilgi verilmiştir.,guvenlik_asayis_olay,9,incident_report,1,P1,0,standart,relabel:gemini
Bostancı istasyonu turnike bölgesindeki CAM-04 numaralı kamera görüntüsünde siyah şeritler oluşmaktadır.,sinyalizasyon_haberlesme,3,fault_report,0,P3,2,standart,relabel:gemini
Şişli-Mecidiyeköy istasyonu peron katındaki yangın dolabı kapağının kilidi bozuk olduğundan kendiliğinden açılmaktadır.,sinyalizasyon_haberlesme,3,fault_report,0,P3,2,standart,relabel:gemini
Gece vardiyasında Zeytinburnu istasyonunda kart basmadan geçen şahıslara yönelik güvenlik uyarısı yapılmıştır.,guvenlik_asayis_olay,9,incident_report,1,P3,2,standart,relabel:gemini
Üsküdar istasyonu 2. peronda bulunan acil durum yardım kulesi mikrofonu ses iletmemektedir.,sinyalizasyon_haberlesme,3,fault_report,0,P3,2,standart,relabel:gemini
Taksim istasyonu B2 katı yangın kaçış merdivenlerinde aydınlatma eksikliği nedeniyle emniyet riski mevcuttur.,elektrik_enerji,1,fault_report,0,P1,0,standart,relabel:gemini
Karaköy istasyonu girişinde çanta tarama cihazının başında görevli personel eksikliği gözlemlenmiştir.,istasyon_guvenlik,6,complaint,3,P3,2,standart,relabel:gemini
M1-15 kodlu trenin yolcu kompartımanında sahipsiz valiz bulunması üzerine güvenlik önlemleri alınmıştır.,guvenlik_asayis_olay,9,incident_report,1,P1,0,standart,relabel:gemini
Göztepe istasyonu peron alanındaki CCTV sisteminde periyodik görüntü kesintileri meydana gelmektedir.,sinyalizasyon_haberlesme,3,fault_report,0,P2,1,standart,relabel:gemini
Kozyatağı istasyonu acil çıkış kapısı önünde bulunan atıklar tahliye koridorunu engellemektedir.,altyapi_insaat,10,fault_report,0,P2,1,standart,relabel:gemini
Ayrılık Çeşmesi istasyonunda yetkisiz bir kişinin tünel giriş kapısını zorladığı kameralarca tespit edilmiştir.,guvenlik_asayis_olay,9,incident_report,1,P1,0,standart,relabel:gemini
Taksim istasyonu bilet holündeki acil durum butonunun koruma kapağı kırılmış olup cihaz sinyal vermemektedir.,sinyalizasyon_haberlesme,3,fault_report,0,P3,2,standart,relabel:gemini
Kirazlı istasyonu 2. peron alanında bulunan yangın söndürme tüpünün önü reklam panolarıyla kapatılmıştır.,istasyon_guvenlik,6,fault_report,0,P3,2,standart,relabel:gemini
Sabah vardiyasında Şişli-Mecidiyeköy istasyonu gişe bölgesinde turnikeden atlayarak kaçak geçiş yapan şahıslar tespit edilmiştir.,guvenlik_asayis_olay,9,incident_report,1,P3,2,standart,relabel:gemini
Levent istasyonu ana girişindeki X-ray cihazı çalıştırılmadığı için yolcuların çanta aramaları aksamaktadır.,istasyon_guvenlik,6,fault_report,0,P3,2,standart,relabel:gemini
Aksaray istasyonu turnike bölgesinde devriye gezen personel bulunmadığı yönünde yolcu şikayeti alınmıştır.,istasyon_guvenlik,6,complaint,3,P3,2,standart,relabel:gemini
Gayrettepe istasyonu peron katındaki acil çıkış kapısı kilit mekanizması sıkıştığı için dışarıdan açılamamaktadır.,mekanik_istasyon,0,fault_report,0,P1,0,standart,relabel:gemini
Kabataş istasyonu gişeler bölgesindeki sahipsiz bir sırt çantası nedeniyle alan geçici olarak kordona alınmıştır.,guvenlik_asayis_olay,9,incident_report,1,P1,0,standart,relabel:gemini
Üsküdar istasyonu 1. peron zeminindeki sarı ikaz çizgileri tamamen silindiği için yenilenmesi gerekmektedir.,altyapi_insaat,10,fault_report,0,P1,0,standart,relabel:gemini
Ayrılık Çeşmesi istasyonunda CCTV-12 numaralı kameranın yönü değiştiğinden yürüyen merdivenler görüntülenememektedir.,sinyalizasyon_haberlesme,3,fault_report,0,P3,2,standart,relabel:gemini
Kartal istasyonu B kapısı girişinde şüpheli davranışlar sergileyen bir şahıs olduğu yönünde ihbar ulaşmıştır.,guvenlik_asayis_olay,9,incident_report,1,P1,0,standart,relabel:gemini
Çalışmıyor acil durum butonu Vezneciler peronda.,sinyalizasyon_haberlesme,3,fault_report,0,P3,2,devrik,relabel:gemini
Görmüyor peronu CCTV-02 kamera açısı kaymış.,sinyalizasyon_haberlesme,3,fault_report,0,P3,2,devrik,relabel:gemini
Tıkalı yangın tüpünün önü kolilerle Ataköy'de.,istasyon_guvenlik,6,fault_report,0,P1,0,devrik,relabel:gemini
Atladı turnikeden kaçak yolcu kuzey turnikelerde.,guvenlik_asayis_olay,9,incident_report,1,P3,2,devrik,relabel:gemini
Duruyor şüpheli paket bilet holünde bankonun yanında.,guvenlik_asayis_olay,9,incident_report,1,P1,0,devrik,relabel:gemini
Yok güvenlik personeli X-ray cihazı başında Hacıosman'da.,istasyon_guvenlik,6,complaint,3,P3,2,devrik,relabel:gemini
Açılmıyor acil çıkış kapısı kilitli kalmış Şişhane.,mekanik_istasyon,0,fault_report,0,P1,0,devrik,relabel:gemini
Ötmüyor sarı çizgi ihlal uyarı sistemi peronda.,sinyalizasyon_haberlesme,3,fault_report,0,P3,2,devrik,relabel:gemini
Yakalandı vagonda dilencilik yapıp para toplayan kişi.,guvenlik_asayis_olay,9,incident_report,1,P3,2,devrik,relabel:gemini
Bıçak çekti güvenlik görevlisine Gayrettepe çıkışında saldırgan.,guvenlik_asayis_olay,9,incident_report,1,P1,0,devrik,relabel:gemini
Küfürler savurdu yolculara A4 vagonunda alkollü şahıs.,guvenlik_asayis_olay,9,incident_report,1,P2,1,devrik,relabel:gemini
Yakalandı Kadıköy peronunda cep telefonu çalan hırsız.,guvenlik_asayis_olay,9,incident_report,1,P3,2,devrik,relabel:gemini
Sigara yaktı vagon içinde gece vardiyasında yolcu.,arac_tren,2,incident_report,1,P1,0,devrik,relabel:gemini
Fiziksel şiddet uyguladı yanındaki yolcuya M2 treninde.,guvenlik_asayis_olay,9,incident_report,1,P1,0,devrik,relabel:gemini
Engel olundu peronda intihar etmeye çalışan şahsa.,guvenlik_asayis_olay,9,incident_report,1,P1,0,devrik,relabel:gemini
Alındı gözaltına bilet alanlara laf atan şüpheli.,guvenlik_asayis_olay,9,incident_report,1,P3,2,devrik,relabel:gemini
Tespit edildi yasak madde satmaya çalışan şahıs.,guvenlik_asayis_olay,9,incident_report,1,P2,1,devrik,relabel:gemini
İndirildi vagondan yüksek sesle söven agresif yolcu.,guvenlik_asayis_olay,9,incident_report,1,P3,2,devrik,relabel:gemini
Çaldı cüzdanı yürüyen merdivende az önce hırsız.,guvenlik_asayis_olay,9,incident_report,1,P2,1,devrik,relabel:gemini
Çıkarıldı Taksim istasyonundan dışarı dilencilik yapan çocuk.,guvenlik_asayis_olay,9,incident_report,1,P3,2,devrik,relabel:gemini
Tartıştı güvenlikle kimlik göstermeyen yolcu bilet holünde.,guvenlik_asayis_olay,9,incident_report,1,P3,2,devrik,relabel:gemini
İçti sigara peronda uyarıya rağmen kural tanımaz şahıs.,istasyon_guvenlik,6,incident_report,1,P3,2,devrik,relabel:gemini
Saldırdı yumrukla diğer yolcuya Levent aktarma katında.,guvenlik_asayis_olay,9,incident_report,1,P1,0,devrik,relabel:gemini
Önledi intihar girişimini son anda güvenlik 1. peronda.,guvenlik_asayis_olay,9,incident_report,1,P1,0,devrik,relabel:gemini
Taciz etti oturan kadını M1A treninde adam.,guvenlik_asayis_olay,9,incident_report,1,P1,0,devrik,relabel:gemini
Yakalandı yankesici Kadıköy istasyonu turnike alanında polisçe.,guvenlik_asayis_olay,9,incident_report,1,P3,2,devrik,relabel:gemini
Sövdü görevlilere uyarı üzerine bilet holündeki şahıs.,guvenlik_asayis_olay,9,incident_report,1,P3,2,devrik,relabel:gemini
Kullanıyordu yasak madde merdiven boşluğunda iki kişi.,guvenlik_asayis_olay,9,incident_report,1,P2,1,devrik,relabel:gemini
Alındı karakola yolcunun çantasını gasp eden saldırgan.,guvenlik_asayis_olay,9,incident_report,1,P3,2,devrik,relabel:gemini
Israrla para istedi yolculardan vagondaki dilenci.,istasyon_guvenlik,6,incident_report,1,P3,2,devrik,relabel:gemini
Darp edildi kadın yolcu peron kenarında aniden.,guvenlik_asayis_olay,9,incident_report,1,P1,0,devrik,relabel:gemini
Uzaklaştırıldı istasyondan sigara içip kabadayılık yapan şahıs.,guvenlik_asayis_olay,9,incident_report,1,P3,2,devrik,relabel:gemini
Müdahale edildi intihar için raya atlayan kadın yolcuya.,guvenlik_asayis_olay,9,incident_report,1,P1,0,devrik,relabel:gemini
Bağırdı hakaretlerle insanlara Yenikapı aktarma merkezinde adam.,guvenlik_asayis_olay,9,incident_report,1,P3,2,devrik,relabel:gemini
Yakalandı cüzdan çalarken Kirazlı istasyonu merdiveninde hırsız.,guvenlik_asayis_olay,9,incident_report,1,P3,2,devrik,relabel:gemini
Alındı gözaltına Polise kimliğini vermeyen şahıs.,guvenlik_asayis_olay,9,incident_report,1,P3,2,devrik,relabel:gemini
Sataştı kadın yolculara koridorda yürürken sarhoş adam.,guvenlik_asayis_olay,9,incident_report,1,P2,1,devrik,relabel:gemini
Kullandı yasak madde tuvalet önünde şüpheli şahıs.,guvenlik_asayis_olay,9,incident_report,1,P2,1,devrik,relabel:gemini
Çaldı kulaklığı bankta oturan yolcudan kaçan şahıs.,guvenlik_asayis_olay,9,incident_report,1,P3,2,devrik,relabel:gemini
Çıkarıldı trenden kavga çıkarıp yolcuyu darp eden kişi.,guvenlik_asayis_olay,9,incident_report,1,P3,2,devrik,relabel:gemini
Çaldı kadının çantasını Vezneciler peronunda şüpheli şahıs.,guvenlik_asayis_olay,9,incident_report,1,P3,2,devrik,relabel:gemini
İçiyordu sigara Gayrettepe koridorunda iki genç yolcu.,istasyon_guvenlik,6,incident_report,1,P3,2,devrik,relabel:gemini
Edildi sözlü taciz kadın yolcuya TR-04 vagonunda.,guvenlik_asayis_olay,9,incident_report,1,P2,1,devrik,relabel:gemini
Birbirine girdi iki kişi Sanayi Mahallesi gişe önünde.,guvenlik_asayis_olay,9,incident_report,1,P1,0,devrik,relabel:gemini
Yakalandı son anda Ataköy peronunda raya atlayan adam.,guvenlik_asayis_olay,9,incident_report,1,P1,0,devrik,relabel:gemini
İçecekken yasak madde yakalandı tuvalet koridorunda şüpheli.,guvenlik_asayis_olay,9,incident_report,1,P2,1,devrik,relabel:gemini
Saldırdı güvenlik görevlisine Aksaray çıkışında kimliksiz adam.,guvenlik_asayis_olay,9,incident_report,1,P1,0,devrik,relabel:gemini
Yakalandı trende para toplayan dilenci servis başlangıcında.,istasyon_guvenlik,6,incident_report,1,P3,2,devrik,relabel:gemini
Kadıköy istasyonu makas bölgesinde ray bağlantı elemanlarında gevşeme tespit edilmiş olup acil müdahale gerekmektedir.,yol_yapisal,5,fault_report,0,P2,1,standart,missing:gemini
"Kirazlı hattı 1. peron çıkışında travers üzerinde derin çatlaklar gözlemlendi, yolcu güvenliği açısından risk oluşturuyor.",yol_yapisal,5,fault_report,0,P1,0,standart,missing:gemini
Yenikapı makas makinesinin hemen arkasındaki ray hattında aşınmaya bağlı ciddi bir deformasyon oluşmuştur.,yol_yapisal,5,fault_report,0,P2,1,standart,missing:gemini
"Üsküdar makas bölgesinde balast tabakasının dağılması sebebiyle raylarda esneme meydana gelmektedir, kontrolü gerekiyor.",yol_yapisal,5,fault_report,0,P2,1,standart,missing:gemini
Kartal istasyonu giriş makasında ray bağlantı cıvatalarının koptuğu sabah vardiyasında teknik ekip tarafından rapor edildi.,yol_yapisal,5,fault_report,0,P2,1,standart,missing:gemini
"Ataköy istasyonu makas bölgesinde ray hattı üzerinde yabancı bir metal cisim tespit edildi, acil müdahale gerekiyor.",yol_yapisal,5,fault_report,0,P1,0,standart,missing:gemini
Kırıldı ray bağlantı cıvataları Ataköy hattında.,yol_yapisal,5,fault_report,0,P2,1,devrik,missing:gemini
Balastlar boşalmış Yenikapı makas çıkışı 1. peron.,yol_yapisal,5,fault_report,0,P2,1,devrik,missing:gemini
Aşınma var ray yüzeyinde Üsküdar yönü.,yol_yapisal,5,fault_report,0,P3,2,devrik,missing:gemini
Çatlamış traversler Kirazlı makas bölgesinde acil.,yol_yapisal,5,fault_report,0,P1,0,devrik,missing:gemini
Engel var ray üstünde Kadıköy girişi.,yol_yapisal,5,fault_report,0,P1,0,devrik,missing:gemini
Eğilmiş ray profili servis sonu tespit edilen.,yol_yapisal,5,fault_report,0,P2,1,devrik,missing:gemini
yenikapi makas bolgesinde ray baglanti elemanlari gevsemis acil mudahale lazim.,yol_yapisal,5,fault_report,0,P2,1,yazim_yanlisi,missing:gemini
kartal istasyonu 1. peron girisinde travers catlamis yolcu guvenligi riskli.,yol_yapisal,5,fault_report,0,P1,0,yazim_yanlisi,missing:gemini
uskudar hatti uzerinde yabanci cisim var tren acil durduruldu.,yol_yapisal,5,fault_report,0,P1,0,yazim_yanlisi,missing:gemini
kirazli makasinda balast kaymasi oldu raylar esniyo simdi.,yol_yapisal,5,fault_report,0,P2,1,yazim_yanlisi,missing:gemini
atakoy yonu ray koku kirildi sabah vardiyasinda fark ettik.,yol_yapisal,5,fault_report,0,P2,1,yazim_yanlisi,missing:gemini
kadikoy girisindeki makas deforme olmus acil bakim gerekiyo.,yol_yapisal,5,fault_report,0,P2,1,yazim_yanlisi,missing:gemini
Rayda kırık var.,yol_yapisal,5,fault_report,0,P1,0,cok_kisa,missing:gemini
Travers çatlak Kartal.,yol_yapisal,5,fault_report,0,P3,2,cok_kisa,missing:gemini
Rayda metal parça.,yol_yapisal,5,fault_report,0,P1,0,cok_kisa,missing:gemini
Makas cıvataları gevşek.,yol_yapisal,5,fault_report,0,P3,2,cok_kisa,missing:gemini
Balast dağılmış Yenikapı.,yol_yapisal,5,fault_report,0,P2,1,cok_kisa,missing:gemini
Rayda aşınma mevcut.,yol_yapisal,5,fault_report,0,P3,2,cok_kisa,missing:gemini
Travers hasarlı Kirazlı.,yol_yapisal,5,fault_report,0,P3,2,cok_kisa,missing:gemini
"Hacıosman istasyonu 2. peron çıkışındaki ray bağlantı elemanlarında gevşeme tespit edildi, seferler tedbir amaçlı yavaşlatıldı.",yol_yapisal,5,fault_report,0,P2,1,standart,missing:gemini
Kartal makas bölgesindeki traverslerin altında balast boşalması meydana geldiği için trenlerde sarsıntı yaşanmaktadır.,yol_yapisal,5,fault_report,0,P2,1,standart,missing:gemini
"Şişli istasyonu tünel girişindeki ray üzerinde derin aşınma ve deformasyon gözlemlendi, acil müdahale gerekiyor.",yol_yapisal,5,fault_report,0,P2,1,standart,missing:gemini
Esenler makas hattında ray bağlantı cıvatalarının koptuğu tespit edilmiş olup ekipler bölgeye sevk edilmiştir.,yol_yapisal,5,fault_report,0,P2,1,standart,missing:gemini
Vezneciler yönü tünel içi ray hattında çatlak oluştuğu bu sabah 07:20'de yapılan rutin kontrolde belirlenmiştir.,yol_yapisal,5,fault_report,0,P1,0,standart,missing:gemini
Uzunçayır istasyonu makas göbeğinde aşınmaya bağlı kırılma meydana gelmiş olup sefer aksama riski taşımaktadır.,yol_yapisal,5,fault_report,0,P2,1,standart,missing:gemini
Gevşemiş ray bağlantı cıvataları Hacıosman çıkışı.,yol_yapisal,5,fault_report,0,P3,2,devrik,missing:gemini
Kırıldı travers altındaki beton blok Şişli.,yol_yapisal,5,fault_report,0,P2,1,devrik,missing:gemini
Var ray üstünde metal parça Vezneciler.,yol_yapisal,5,fault_report,0,P1,0,devrik,missing:gemini
Kaymış balastlar makas bölgesinde acil müdahale.,yol_yapisal,5,fault_report,0,P2,1,devrik,missing:gemini
Çatlak var rayda Kartal yönü tünelde.,yol_yapisal,5,fault_report,0,P1,0,devrik,missing:gemini
Sarsıyor treni makas geçişi Esenler peron.,yol_yapisal,5,fault_report,0,P2,1,devrik,missing:gemini
haciosman makasinda ray baglantilari gevsemis acil bakim lazim,yol_yapisal,5,fault_report,0,P2,1,yazim_yanlisi,missing:gemini
vezencller yonu ray uzerinde demir parca var sefer aksiyo,yol_yapisal,5,fault_report,0,P2,1,yazim_yanlisi,missing:gemini
sisli makas bolgesinde balastlar dokulmus raylar esniyo,yol_yapisal,5,fault_report,0,P2,1,yazim_yanlisi,missing:gemini
esenler ikinci peron rayinda deformasyon tespit edild,yol_yapisal,5,fault_report,0,P2,1,yazim_yanlisi,missing:gemini
uzuncayir makas gobeginn civatalari kopmus tren sarsiliyo,yol_yapisal,5,fault_report,0,P2,1,yazim_yanlisi,missing:gemini
Rayda genleşme hatası.,yol_yapisal,5,fault_report,0,P2,1,cok_kisa,missing:gemini
Makas kilitlenmiyor acil.,yol_yapisal,5,fault_report,0,P1,0,cok_kisa,missing:gemini
Ray cıvatası koptu.,yol_yapisal,5,fault_report,0,P2,1,cok_kisa,missing:gemini
Balast çöktü tünelde.,yol_yapisal,5,fault_report,0,P2,1,cok_kisa,missing:gemini
Hatta yabancı cisim var.,yol_yapisal,5,fault_report,0,P1,0,cok_kisa,missing:gemini
Travers aşınması tespit edildi.,yol_yapisal,5,fault_report,0,P3,2,cok_kisa,missing:gemini
Makas göbeği aşınmış.,yol_yapisal,5,fault_report,0,P3,2,cok_kisa,missing:gemini
"Sanayi Mahallesi tünel çıkışındaki ray bağlantı kelepçelerinde gevşeme ve aşınma tespit edildi, acil müdahale gerekiyor.",yol_yapisal,5,fault_report,0,P2,1,standart,missing:gemini
Şirinevler makas bölgesinde ray üzerinde kılcal çatlaklar oluştuğu sabah vardiyasında hat bakım ekiplerince raporlandı.,yol_yapisal,5,fault_report,0,P2,1,standart,missing:gemini
Üsküdar peron bitişinde yer alan beton traverslerde ufalanma ve yapısal deformasyon gözlemlenmiştir.,yol_yapisal,5,fault_report,0,P3,2,standart,missing:gemini
"Kadıköy istasyonu kuyruk tünelindeki makas motoru bağlantı kollarında mekanik sıkışma yaşanıyor, seferler gecikebilir.",yol_yapisal,5,fault_report,0,P2,1,standart,missing:gemini
Bağcılar yönü tünel ağzında rayların birbirine bağlandığı cebire cıvatalarında kırılma meydana gelmiştir.,yol_yapisal,5,fault_report,0,P2,1,standart,missing:gemini
"Şişhane makas çıkışındaki balast yatağında kayma meydana geldi, tren geçişlerinde sarsıntı hissediliyor.",yol_yapisal,5,fault_report,0,P2,1,standart,missing:gemini
Kırıldı ray kilidi tünel girişinde az önce.,yol_yapisal,5,fault_report,0,P1,0,devrik,missing:gemini
Aşınmış travers koruma plakası Sanayi Mahallesi makaslarında.,yol_yapisal,5,fault_report,0,P3,2,devrik,missing:gemini
Durdu makas motoru Kadıköy yönünde aniden.,yol_yapisal,5,fault_report,0,P2,1,devrik,missing:gemini
Sallanıyor gevşek ray vidaları peron sonunda.,yol_yapisal,5,fault_report,0,P2,1,devrik,missing:gemini
Çatlamış ray gövdesi Şirinevler makas bölgesinde acil.,yol_yapisal,5,fault_report,0,P1,0,devrik,missing:gemini
Sıkıştı yabancı cisim makas dillerinin arasına.,yol_yapisal,5,fault_report,0,P1,0,devrik,missing:gemini
bagcilar tunel girisinde ray baglanti elemani kopmus sefer aksiyo acil.,yol_yapisal,5,fault_report,0,P1,0,yazim_yanlisi,missing:gemini
sishane makas bolgesinde ray uzerine metal boru dusmus acil mudahale.,yol_yapisal,5,fault_report,0,P1,0,yazim_yanlisi,missing:gemini
sirinevler 2. peronda rayda deformsyon var trenler yavas geciyo.,yol_yapisal,5,fault_report,0,P2,1,yazim_yanlisi,missing:gemini
kadikoy kuyruk tünelinde travers catlamis sabah vardiyasinda gorduk.,yol_yapisal,5,fault_report,0,P3,2,yazim_yanlisi,missing:gemini
sanayi mahallesi yonu ray makasinda kilitlenme var makas dilleri oynamiyo.,yol_yapisal,5,fault_report,0,P1,0,yazim_yanlisi,missing:gemini
balast yorulmasi var uskudar makasinda hat cok esniyor acil bakim.,yol_yapisal,5,fault_report,0,P2,1,yazim_yanlisi,missing:gemini
Makas dili sıkıştı.,yol_yapisal,5,fault_report,0,P2,1,cok_kisa,missing:gemini
Şişhane yönü travers çatlak.,yol_yapisal,5,fault_report,0,P3,2,cok_kisa,missing:gemini
Rayda metal engel var.,yol_yapisal,5,fault_report,0,P1,0,cok_kisa,missing:gemini
Cebire cıvatası koptu.,yol_yapisal,5,fault_report,0,P2,1,cok_kisa,missing:gemini
Balast dağılması tünel ağzı.,yol_yapisal,5,fault_report,0,P2,1,cok_kisa,missing:gemini
Ray bağlantısı gevşek.,yol_yapisal,5,fault_report,0,P3,2,cok_kisa,missing:gemini
Makas göbeğinde aşınma var.,yol_yapisal,5,fault_report,0,P3,2,cok_kisa,missing:gemini
Kartal istasyonu makas bölgesindeki traverslerde derin çatlaklar oluştuğu için acil müdahale gerekiyor.,yol_yapisal,5,fault_report,0,P2,1,standart,missing:gemini
"Esenler makas çıkışındaki travers sabitleme vidaları tamamen yerinden çıkmış durumda, sefer güvenliği risk altında.",yol_yapisal,5,fault_report,0,P1,0,standart,missing:gemini
Sanayi Mahallesi kuyruk tünelindeki makas dilinde mekanik aşınma nedeniyle tam kapanmama sorunu yaşanıyor.,yol_yapisal,5,fault_report,0,P2,1,standart,missing:gemini
"Kadıköy istasyonu girişindeki ray hattında aşırı deformasyon ve aşınma gözlemlendi, acil inceleme talep ediliyor.",yol_yapisal,5,fault_report,0,P2,1,standart,missing:gemini
"Bağcılar makas makinesi bölgesindeki balast yatağında ciddi boşalma var, trenler sarsıntılı geçiş yapıyor.",yol_yapisal,5,fault_report,0,P2,1,standart,missing:gemini
Gece vardiyasında yapılan kontrollerde Kartal makas bölgesinde ray üzerinde derin bir çatlak belirlenmiştir.,yol_yapisal,5,fault_report,0,P1,0,standart,missing:gemini
Gevşemiş ray bağlantı vidaları Esenler çıkışı.,yol_yapisal,5,fault_report,0,P3,2,devrik,missing:gemini
Sallanıyor traversler Sanayi Mahallesi 2. peron.,yol_yapisal,5,fault_report,0,P3,2,devrik,missing:gemini
Kırıldı sol makas dili Kadıköy yönünde.,yol_yapisal,5,fault_report,0,P2,1,devrik,missing:gemini
Sarsıyor treni raydaki aşınma Mecidiyeköy girişinde.,yol_yapisal,5,fault_report,0,P3,2,devrik,missing:gemini
Dağılmış balastlar Kartal tünel girişinde az önce.,yol_yapisal,5,fault_report,0,P2,1,devrik,missing:gemini
Tespit edildi hatta yabancı cisim Bağcılar.,yol_yapisal,5,fault_report,0,P2,1,devrik,missing:gemini
sanayi mahallesi istasyonu girisindeki rayda deformasyon var tren sarsiliyo.,yol_yapisal,5,fault_report,0,P3,2,yazim_yanlisi,missing:gemini
kartal makas cikisinda balast yataklari kaymis seferler aksiyo.,yol_yapisal,5,fault_report,0,P2,1,yazim_yanlisi,missing:gemini
kadikoy 2. peronda ray uzerinde buyuk demir parca var tren durdu.,yol_yapisal,5,fault_report,0,P1,0,yazim_yanlisi,missing:gemini
mecidiyekoy girisindeki travers catlamis acil bakim ekibi gonderin.,yol_yapisal,5,fault_report,0,P2,1,yazim_yanlisi,missing:gemini
bagcilar yonu makas dilinde mekanik sikisma var makas donmuyo.,yol_yapisal,5,fault_report,0,P2,1,yazim_yanlisi,missing:gemini
Esenler rayı kırık.,yol_yapisal,5,fault_report,0,P1,0,cok_kisa,missing:gemini
Makasta mekanik sıkışma.,yol_yapisal,5,fault_report,0,P2,1,cok_kisa,missing:gemini
Traverslerde çatlak var.,yol_yapisal,5,fault_report,0,P3,2,cok_kisa,missing:gemini
Balast yatağı çöktü.,yol_yapisal,5,fault_report,0,P2,1,cok_kisa,missing:gemini
Ray bağlantısı kopuk.,yol_yapisal,5,fault_report,0,P2,1,cok_kisa,missing:gemini
Kadıköy makası arızalı.,yol_yapisal,5,fault_report,0,P2,1,cok_kisa,missing:gemini
"Topkapı yönü tünel girişinde ray hattı üzerinde büyük bir metal parça bulunuyor, seferler durduruldu.",yol_yapisal,5,fault_report,0,P1,0,standart,missing:gemini
Sanayi Mahallesi makas çıkışındaki traverslerde çatlak oluştuğu gece vardiyasında yol kontrolünde fark edilmiştir.,yol_yapisal,5,fault_report,0,P3,2,standart,missing:gemini
"Esenler istasyonu 2. peron hattında ray gövdesinde aşınma belirlendi, trenler yavaş geçiş yapıyor.",yol_yapisal,5,fault_report,0,P2,1,standart,missing:gemini
"Bağcılar makas bölgesinde balast boşalması nedeniyle traversler askıda kalmıştır, dolgu yapılması acil gereklidir.",yol_yapisal,5,fault_report,0,P2,1,standart,missing:gemini
"Şişhane istasyonu kuyruk tüneli makas dillerinde aşırı aşınma saptandı, parça değişimi planlanmalıdır.",yol_yapisal,5,fault_report,0,P3,2,standart,missing:gemini
Kırıldı ray bağlantı cıvatası Şişhane makas çıkışında.,yol_yapisal,5,fault_report,0,P3,2,devrik,missing:gemini
Dağılmış balastlar Sanayi Mahallesi tünel girişinde.,yol_yapisal,5,fault_report,0,P3,2,devrik,missing:gemini
Çatlak var traverste Mecidiyeköy 2. peronda.,yol_yapisal,5,fault_report,0,P3,2,devrik,missing:gemini
Sıkıştı makas mekanizması Esenler makas bölgesinde.,yol_yapisal,5,fault_report,0,P2,1,devrik,missing:gemini
Bulundu yabancı cisim ray üstünde Topkapı.,yol_yapisal,5,fault_report,0,P2,1,devrik,missing:gemini
Deforme olmuş ray hattı Bağcılar girişinde.,yol_yapisal,5,fault_report,0,P3,2,devrik,missing:gemini
mecidiyekoy 2. peron hattinda rayda catlak var trenler cok yavasliyor.,yol_yapisal,5,fault_report,0,P2,1,yazim_yanlisi,missing:gemini
sanayi mahallesi makasinda balastlar dagilmis traversler bosta kaliyo.,yol_yapisal,5,fault_report,0,P3,2,yazim_yanlisi,missing:gemini
bagcilar kuyruk tunelinde ray uzerinde demir parca var seferi durdurun.,yol_yapisal,5,fault_report,0,P1,0,yazim_yanlisi,missing:gemini
sishane girisinde makas dili tam oturmuyor sefer aksayabilir acil.,yol_yapisal,5,fault_report,0,P2,1,yazim_yanlisi,missing:gemini
esenler istasyonunda ray kilit kisminda deformasyon var.,yol_yapisal,5,fault_report,0,P3,2,yazim_yanlisi,missing:gemini
Ray kırıldı Şişhane.,yol_yapisal,5,fault_report,0,P1,0,cok_kisa,missing:gemini
Makas kilitlenmiyor Topkapı.,yol_yapisal,5,fault_report,0,P2,1,cok_kisa,missing:gemini
Balast boşalması Esenler.,yol_yapisal,5,fault_report,0,P3,2,cok_kisa,missing:gemini
Travers çatlak Mecidiyeköy.,yol_yapisal,5,fault_report,0,P3,2,cok_kisa,missing:gemini
Rayda engel Bağcılar.,yol_yapisal,5,fault_report,0,P2,1,cok_kisa,missing:gemini
Bağlantı elemanı kopuk.,yol_yapisal,5,fault_report,0,P3,2,cok_kisa,missing:gemini
Rayda aşınma Sanayi.,yol_yapisal,5,fault_report,0,P4,3,cok_kisa,missing:gemini
Kirazlı istasyonu makas bölgesinde tespit edilen ray çatlağı nedeniyle sefer hızı geçici olarak düşürülmüştür.,yol_yapisal,5,fault_report,0,P2,1,standart,missing:gemini
Taksim 2. peron yönünde traverslerde çatlama ve deformasyon belirlenmiş olup acil müdahale gerekmektedir.,yol_yapisal,5,fault_report,0,P2,1,standart,missing:gemini
"Sanayi Mahallesi tünel içi ray bağlantı klempleri gevşemiş, yolcu güvenliği açısından risk oluşturmaktadır.",yol_yapisal,5,fault_report,0,P2,1,standart,missing:gemini
"Levent istasyonu kuyruk tüneli hattında balast seviyesi kritik sınırın altına inmiş durumda, acil dolgu gerekiyor.",yol_yapisal,5,fault_report,0,P2,1,standart,missing:gemini
Üsküdar makas çıkışında yabancı demir parçası rayların arasına sıkışarak tren geçişini engellemektedir.,yol_yapisal,5,fault_report,0,P2,1,standart,missing:gemini
Topkapı istasyon girişindeki ray hattında aşırı genleşme kaynaklı hafif yönsel sapma gözlemlenmiştir.,yol_yapisal,5,fault_report,0,P2,1,standart,missing:gemini
Kırılmış travers sabitleme cıvatası Levent peron girişinde.,yol_yapisal,5,fault_report,0,P3,2,devrik,missing:gemini
Var ray üzerinde metal parça Taksim makasında.,yol_yapisal,5,fault_report,0,P2,1,devrik,missing:gemini
Saptandı aşırı aşınma ray başlarında Üsküdar çıkışında.,yol_yapisal,5,fault_report,0,P3,2,devrik,missing:gemini
Kopmuş ray bağlantı sacı Kirazlı'da.,yol_yapisal,5,fault_report,0,P3,2,devrik,missing:gemini
Çatlamış traversler servis sonunda tespit edilen Sanayi'de.,yol_yapisal,5,fault_report,0,P3,2,devrik,missing:gemini
Vermiş raylar esneme sıcaklık artışından dolayı Topkapı'da.,yol_yapisal,5,fault_report,0,P3,2,devrik,missing:gemini
Kirazli makas bolgesinde ray baglanti elemanlari gevsemis durumda sefer aksiyo.,yol_yapisal,5,fault_report,0,P2,1,yazim_yanlisi,missing:gemini
Levent 2. peron ray hattinda yabanci cisim var tren gecemiyo acil.,yol_yapisal,5,fault_report,0,P2,1,yazim_yanlisi,missing:gemini
Taksim makasinda ray kenetleri kirildi her geciste cok ses cikiyo.,yol_yapisal,5,fault_report,0,P3,2,yazim_yanlisi,missing:gemini
Uskudar istasyon girisi ray klempleri paslanmis ve kirilmis vidalar.,yol_yapisal,5,fault_report,0,P3,2,yazim_yanlisi,missing:gemini
Topkapi makas yorulmasi yuzunden trenler cok yavas gecmek zorunda kaliyo.,yol_yapisal,5,fault_report,0,P2,1,yazim_yanlisi,missing:gemini
Sanayi mahallesinde ray profilinde yamulma var sefer aksayabilir acil bakin.,yol_yapisal,5,fault_report,0,P2,1,yazim_yanlisi,missing:gemini
Kirazlı makasında kırık ray.,yol_yapisal,5,fault_report,0,P2,1,cok_kisa,missing:gemini
Travers çatlak Levent yönü.,yol_yapisal,5,fault_report,0,P3,2,cok_kisa,missing:gemini
Dağınık balastlar Taksim tüneli.,yol_yapisal,5,fault_report,0,P3,2,cok_kisa,missing:gemini
Ray klempleri kırılmış Topkapı.,yol_yapisal,5,fault_report,0,P3,2,cok_kisa,missing:gemini
Travers vidaları sökülmüş Üsküdar.,yol_yapisal,5,fault_report,0,P3,2,cok_kisa,missing:gemini
Hat üzerinde metal engel.,yol_yapisal,5,fault_report,0,P2,1,cok_kisa,missing:gemini
Ray contası kopmuş Sanayi.,yol_yapisal,5,fault_report,0,P3,2,cok_kisa,missing:gemini
Bağcılar hattı peron girişinde rayların birleşim noktasındaki kaynak yerinde aşınma ve deformasyon gözlemlenmiştir.,yol_yapisal,5,fault_report,0,P3,2,standart,missing:gemini
Gayrettepe istasyonu tünel çıkışındaki ray hattında yoğun duman ve yanık kokusu tespit edilmiştir.,elektrik_enerji,1,incident_report,1,P1,0,standart,missing:gemini
Bostancı peron hattı rayları arasına düşen büyük metal parça yüzünden seferler acilen durdurulmuştur.,yol_yapisal,5,incident_report,1,P1,0,standart,missing:gemini
Hacıosman makas bölgesinde rayların arasına sıkışan yabancı cisim nedeniyle makas geçişi engellenmektedir.,yol_yapisal,5,fault_report,0,P2,1,standart,missing:gemini
Mecidiyeköy peron hattında rayların üzerine bir yolcunun atladığı tespit edilmiş olup acil elektrik kesintisi istenmiştir.,guvenlik_asayis_olay,9,incident_report,1,P1,0,standart,missing:gemini
Şişhane yönü tünel içi ray hattı üzerinde büyük bir kaya parçası yolu tamamen kapatmıştır.,yol_yapisal,5,incident_report,1,P1,0,standart,missing:gemini
Akşam yoğun saatte Şirinevler peron 2 hizasındaki rayların üzerinde şüpheli bir paket fark edilmiştir.,guvenlik_asayis_olay,9,incident_report,1,P1,0,standart,missing:gemini
Hafta sonu servisinde tünel ağzındaki raylarda kıvılcım çıkması üzerine tren seferleri geçici olarak askıya alındı.,elektrik_enerji,1,incident_report,1,P1,0,standart,missing:gemini
Düştü peron önündeki raylara büyük bir bavul.,yol_yapisal,5,incident_report,1,P1,0,devrik,missing:gemini
Sıçrıyor kıvılcımlar Gayrettepe peron içi raylardan acil.,elektrik_enerji,1,incident_report,1,P1,0,devrik,missing:gemini
Kaçtı kedi rayların arasına Şişhane istasyonunda.,yol_yapisal,5,incident_report,1,P2,1,devrik,missing:gemini
Var yabancı cisim makas bölgesinde sefer durdu.,yol_yapisal,5,incident_report,1,P2,1,devrik,missing:gemini
Duman çıkıyor tünel ağzındaki traverslerden acilen gelin.,elektrik_enerji,1,incident_report,1,P1,0,devrik,missing:gemini
Atladı ray hattına bir yolcu Mecidiyeköy peronunda.,guvenlik_asayis_olay,9,incident_report,1,P1,0,devrik,missing:gemini
sirinevler peron 2 raylarin uzerine kedi dustu seferler yavaslatildi.,yol_yapisal,5,incident_report,1,P2,1,yazim_yanlisi,missing:gemini
haciosman makas bolgesinde kivilcim saciliyo acil mudahale lazim.,elektrik_enerji,1,fault_report,0,P2,1,yazim_yanlisi,missing:gemini
mecidiyekoy tunel girisi rayda buyuk yangin var her yer duman.,altyapi_insaat,10,incident_report,1,P1,0,yazim_yanlisi,missing:gemini
bostanci yonu hatta demir cubuk dustu trenler durduruldu acil.,yol_yapisal,5,fault_report,0,P1,0,yazim_yanlisi,missing:gemini
raylarin arasina supheli canta atildi sishane metro peronu acil durum.,guvenlik_asayis_olay,9,incident_report,1,P1,0,yazim_yanlisi,missing:gemini
gayrettepe tunel ici balastlar alev aldi elektrik kesilmeli hemen.,altyapi_insaat,10,incident_report,1,P1,0,yazim_yanlisi,missing:gemini
Rayda kedi var sefer durdu.,guvenlik_asayis_olay,9,incident_report,1,P1,0,cok_kisa,missing:gemini
Tünel ağzı rayda yangın.,altyapi_insaat,10,incident_report,1,P1,0,cok_kisa,missing:gemini
Makas bölgesinde şüpheli paket.,guvenlik_asayis_olay,9,incident_report,1,P1,0,cok_kisa,missing:gemini
Ray hattına yolcu düştü.,guvenlik_asayis_olay,9,incident_report,1,P1,0,cok_kisa,missing:gemini
Travers alev aldı söndürülüyor.,altyapi_insaat,10,incident_report,1,P1,0,cok_kisa,missing:gemini
"Kadıköy istasyonu birinci peron ray hattında yürüyen bir şüpheli şahıs tespit edildi, acil müdahale gerekiyor.",guvenlik_asayis_olay,9,incident_report,1,P1,0,standart,missing:gemini
Şişli istasyonu tünel çıkışındaki ray traverslerinde duman çıkışı gözlenmesi üzerine yangın söndürme tüpleriyle müdahale ediliyor.,altyapi_insaat,10,incident_report,1,P1,0,standart,missing:gemini
Vezneciler istasyonunda ray hattının üzerine düşen büyük bir reklam panosu nedeniyle seferler geçici olarak durduruldu.,yol_yapisal,5,fault_report,0,P1,0,standart,missing:gemini
Sanayi Mahallesi makas bölgesindeki ray bağlantı elemanlarında ani ark ve kıvılcım çıkışı tespit edilmiştir.,elektrik_enerji,1,fault_report,0,P2,1,standart,missing:gemini
"Uzunçayır tünel girişinde rayların üzerine doğru balast kayması meydana geldi, yolcu güvenliği açısından tehlike arz ediyor.",yol_yapisal,5,fault_report,0,P1,0,standart,missing:gemini
"Şirinevler makas çıkışında tren geçişi esnasında rayda ani bir kırılma meydana geldi, acil teknik ekip yönlendirildi.",yol_yapisal,5,fault_report,0,P1,0,standart,missing:gemini
Rayda yürüyor bir kişi Şişli 2. peron.,guvenlik_asayis_olay,9,incident_report,1,P1,0,devrik,missing:gemini
Duman çıkıyor traverslerden Sanayi Mahallesi makas girişi.,altyapi_insaat,10,incident_report,1,P1,0,devrik,missing:gemini
Düştü ray hattına büyük metal parça acil.,yol_yapisal,5,fault_report,0,P1,0,devrik,missing:gemini
Kırıldı ray Şirinevler çıkışı treni durdurun.,yol_yapisal,5,fault_report,0,P1,0,devrik,missing:gemini
Kaydı balastlar rayın üstüne seferi aksatıyor.,yol_yapisal,5,fault_report,0,P2,1,devrik,missing:gemini
Sallanıyor ray bağlantıları makas bölgesinde acil.,yol_yapisal,5,fault_report,0,P2,1,devrik,missing:gemini
vezneciler makasinda raylardan asiri kivilcim cikiyo seferi durdurun,elektrik_enerji,1,fault_report,0,P2,1,yazim_yanlisi,missing:gemini
sirinevler 1. peron ray hattinda supheli biri dolasiyo acil guvenlik,guvenlik_asayis_olay,9,incident_report,1,P1,0,yazim_yanlisi,missing:gemini
uzuncayir girisinde traversler yaniyor dumanlar yukseliyo acil mudahale,altyapi_insaat,10,incident_report,1,P1,0,yazim_yanlisi,missing:gemini
kadikoy ray uzerinde plastik bidon var tren gecemiyo,yol_yapisal,5,fault_report,0,P2,1,yazim_yanlisi,missing:gemini
ray catladi sanayi mahallesi girisinde treni acil durdurun,yol_yapisal,5,fault_report,0,P1,0,yazim_yanlisi,missing:gemini
balastlar rayin ustune dogru kaydi sefer guvenligi tehlikede,yol_yapisal,5,fault_report,0,P2,1,yazim_yanlisi,missing:gemini
Rayda insan var acil.,guvenlik_asayis_olay,9,incident_report,1,P1,0,cok_kisa,missing:gemini
Ray kırıldı acil müdahale.,yol_yapisal,5,fault_report,0,P1,0,cok_kisa,missing:gemini
Balast rayı kapattı durdurun.,yol_yapisal,5,fault_report,0,P1,0,cok_kisa,missing:gemini
Raydan kıvılcım çıkıyor acil.,elektrik_enerji,1,fault_report,0,P2,1,cok_kisa,missing:gemini
Makas sıkıştı duman var.,yol_yapisal,5,fault_report,0,P2,1,cok_kisa,missing:gemini
"Gayrettepe istasyonunda rayların üzerine büyük bir metal levha düştü, tren seferleri acilen durdurulmalıdır.",yol_yapisal,5,fault_report,0,P1,0,standart,missing:gemini
Alev aldı traversler Sanayi Mahallesi girişinde.,altyapi_insaat,10,incident_report,1,P1,0,devrik,missing:gemini
atakoy makas bolgesine bir kisi atladi acil elektrigi kesin,guvenlik_asayis_olay,9,incident_report,1,P1,0,yazim_yanlisi,missing:gemini
personel kartlari gene calismiyo turnikede giris yapamiyoruz.,elektronik_sistemler,4,fault_report,0,P3,2,yazim_yanlisi,missing:gemini
Üsküdar istasyonundaki personelin kullandığı parmak izi okuma cihazı teknik bir arıza nedeniyle sabah çalışmıyor.,elektronik_sistemler,4,fault_report,0,P3,2,standart,missing:gemini
"Bostancı istasyonu amirlik odasındaki personel bilgisayarı işletim sistemi hatası nedeniyle açılmıyor, müdahale gerekiyor.",elektronik_sistemler,4,fault_report,0,P3,2,standart,missing:gemini
Sanayi Mahallesi istasyonundaki personelin nöbet çizelgelerini görüntülediği ekran fiziksel bir darbe sonucu hasar gördü.,mekanik_istasyon,0,fault_report,0,P3,2,standart,missing:gemini
Bozuldu kart okuyucu personel girişindeki.,elektronik_sistemler,4,fault_report,0,P3,2,devrik,missing:gemini
Açılmıyor personel dolabının kapağı Topkapı'da.,mekanik_istasyon,0,fault_report,0,P3,2,devrik,missing:gemini
Çalışmıyor amirlik odasındaki yazıcı az önce.,elektronik_sistemler,4,fault_report,0,P4,3,devrik,missing:gemini
Kırıldı nöbet çizelgesi ekranı alt katta.,mekanik_istasyon,0,fault_report,0,P3,2,devrik,missing:gemini
Bağlanmıyor tablet puantaj sistemine servis sonunda.,elektronik_sistemler,4,fault_report,0,P3,2,devrik,missing:gemini
kadikoy istasyonu personel giris kapisi kart okumuyo.,elektronik_sistemler,4,fault_report,0,P3,2,yazim_yanlisi,missing:gemini
Kart basma makinesi kırık.,elektronik_sistemler,4,fault_report,0,P3,2,cok_kisa,missing:gemini
Radyo şarjı bozuldu.,sinyalizasyon_haberlesme,3,fault_report,0,P3,2,cok_kisa,missing:gemini
Bozuldu personel girişindeki turnike okuyucusu.,elektronik_sistemler,4,fault_report,0,P3,2,devrik,missing:gemini
Kırıldı personel dolabının kilidi kuzey girişte.,mekanik_istasyon,0,fault_report,0,P3,2,devrik,missing:gemini
Yanmıyor telsiz şarj ünitesinin ışıkları bilet holünde.,sinyalizasyon_haberlesme,3,fault_report,0,P3,2,devrik,missing:gemini
personel kart basma makınesı arızalandı kartı ıcınde tutuyo cıkartmıyo,elektronik_sistemler,4,fault_report,0,P3,2,yazim_yanlisi,missing:gemini
Telsiz bataryası şarj olmuyor.,sinyalizasyon_haberlesme,3,fault_report,0,P3,2,cok_kisa,missing:gemini
Kart basma cihazı bozuk.,elektronik_sistemler,4,fault_report,0,P3,2,cok_kisa,missing:gemini
Gayrettepe istasyonu bilet holündeki 3 numaralı yürüyen merdivenin tamir işlemi ne zaman tamamlanacaktır?,mekanik_istasyon,0,information_request,2,P3,2,standart,missing:gemini
Üsküdar iskelesindeki asansörün kapı mekanizması arızası sebebiyle ne kadar süre servis dışı kalacağı belli mi?,mekanik_istasyon,0,information_request,2,P3,2,standart,missing:gemini
Şişli istasyonu kuzey girişindeki otomatik kapıların fiziksel onarımı için teknik ekip bugün istasyona gelecek mi?,mekanik_istasyon,0,information_request,2,P3,2,standart,missing:gemini
Kirazlı aktarma katındaki yürüyen yolun palet değişim süreci hakkında genel merkezden bir bilgi geldi mi?,mekanik_istasyon,0,information_request,2,P3,2,standart,missing:gemini
Kadıköy istasyonu bilet holündeki hasarlı turnike kapağının değişim tarihi hakkında detaylı bilgi rica ediyoruz.,mekanik_istasyon,0,information_request,2,P4,3,standart,missing:gemini
"Esenler istasyonundaki bariyerlerin fiziksel kilitlenme sorunu ne zaman çözüme kavuşturulacak, bilgi verebilir misiniz?",mekanik_istasyon,0,information_request,2,P3,2,standart,missing:gemini
Ne zaman düzelir bu yürüyen merdiven?,mekanik_istasyon,0,information_request,2,P3,2,devrik,missing:gemini
Kaçta gelir asansör tamir ekibi?,mekanik_istasyon,0,information_request,2,P3,2,devrik,missing:gemini
Bilgi var mı turnike kolu hakkında?,mekanik_istasyon,0,information_request,2,P3,2,devrik,missing:gemini
Açılacak mı bugün otopark bariyeri?,mekanik_istasyon,0,information_request,2,P3,2,devrik,missing:gemini
Ne zaman takılır yeni cam kapı?,mekanik_istasyon,0,information_request,2,P4,3,devrik,missing:gemini
Gelir mi teknik ekip üst kata?,mekanik_istasyon,0,information_request,2,P3,2,devrik,missing:gemini
asansor kabini ne zaman duzelcek bilgi var mi?,mekanik_istasyon,0,information_request,2,P3,2,yazim_yanlisi,missing:gemini
yuruyen yolun paleti bugun degisir mi acaba?,mekanik_istasyon,0,information_request,2,P3,2,yazim_yanlisi,missing:gemini
turnikenin kolu kirik ne zaman yapilcak bu?,mekanik_istasyon,0,information_request,2,P3,2,yazim_yanlisi,missing:gemini
sisli bilet holundeki kapi ne zaman acilacak?,mekanik_istasyon,0,information_request,2,P3,2,yazim_yanlisi,missing:gemini
esenlerdeki asansor kacinci katta takili kaldi bilen varmi?,mekanik_istasyon,0,information_request,2,P1,0,yazim_yanlisi,missing:gemini
kadikoy girisindeki bariyer nezaman tamir edilcek?,mekanik_istasyon,0,information_request,2,P3,2,yazim_yanlisi,missing:gemini
Turnike 4 ne zaman açılır?,mekanik_istasyon,0,information_request,2,P3,2,cok_kisa,missing:gemini
Asansör tamiri ne zaman biter?,mekanik_istasyon,0,information_request,2,P3,2,cok_kisa,missing:gemini
Merdiven çalışıyor mu şimdi?,mekanik_istasyon,0,information_request,2,P3,2,cok_kisa,missing:gemini
Kapı onarımı bitti mi?,mekanik_istasyon,0,information_request,2,P3,2,cok_kisa,missing:gemini
Bariyer ne zaman takılır?,mekanik_istasyon,0,information_request,2,P3,2,cok_kisa,missing:gemini
Yürüyen yol biter mi?,mekanik_istasyon,0,information_request,2,P3,2,cok_kisa,missing:gemini
Tamir saati belli mi?,mekanik_istasyon,0,information_request,2,P3,2,cok_kisa,missing:gemini
Şişhane istasyonu güney çıkışındaki arızalı yürüyen merdivenin onarım çalışması bugün akşam yoğun saatine kadar biter mi?,mekanik_istasyon,0,information_request,2,P3,2,standart,missing:gemini
Açılır mı Gayrettepe bilet holü bariyerleri?,mekanik_istasyon,0,information_request,2,P3,2,devrik,missing:gemini
Bagcilar peron katindaki asansor kapisi nezaman duzelir?,mekanik_istasyon,0,information_request,2,P3,2,yazim_yanlisi,missing:gemini
Kadıköy turnike kolu yapıldı mı?,mekanik_istasyon,0,information_request,2,P3,2,cok_kisa,missing:gemini
Hacıosman istasyonu ikinci perondaki çalışmayan yürüyen yolun ne zaman devreye alınacağı konusunda bilgi beklemekteyiz.,mekanik_istasyon,0,information_request,2,P3,2,standart,missing:gemini
"Yenikapı yönüne giden trenin 3. vagonundaki klima ne zaman tamir edilecek, içerisi çok sıcak oldu?",arac_tren,2,information_request,2,P3,2,standart,missing:gemini
Kirazlı hattındaki trenlerin anons sistemi arızası hakkında teknik ekipten bir geri dönüş geldi mi?,arac_tren,2,information_request,2,P3,2,standart,missing:gemini
Üsküdar istasyonuna yaklaşan araçtaki fren gıcırtısı için bu akşam servis sonunda bir bakım planlanıyor mu?,arac_tren,2,information_request,2,P3,2,standart,missing:gemini
Vezneciler yönlü trenin vagon camındaki çatlak için ne zaman acil müdahale ekibi yönlendireceksiniz?,arac_tren,2,information_request,2,P3,2,standart,missing:gemini
Seferdeki trenin ekranlarındaki görüntü donması sorunu servis başlangıcından beri neden bir türlü düzelmedi?,arac_tren,2,information_request,2,P3,2,standart,missing:gemini
Topkapı hattındaki araçta hissedilen yanık kokusuyla ilgili makinistten detaylı bir rapor istendi mi?,arac_tren,2,information_request,2,P1,0,standart,missing:gemini
Ne zaman düzelir tren kapı arızası?,arac_tren,2,information_request,2,P3,2,devrik,missing:gemini
Bilgi var mı vagon ekranları hakkında?,arac_tren,2,information_request,2,P3,2,devrik,missing:gemini
Ne yapılacak kırık koltuk için 2. vagon?,arac_tren,2,information_request,2,P4,3,devrik,missing:gemini
Gelecek mi teknik ekip tren kliması?,arac_tren,2,information_request,2,P3,2,devrik,missing:gemini
Kontrol edildi mi araç içi duman sensörü?,arac_tren,2,information_request,2,P3,2,devrik,missing:gemini
Neden çalışmıyor vagon ısıtıcıları bu sabah?,arac_tren,2,information_request,2,P3,2,devrik,missing:gemini
esenler hattindaki trenin kapi arizasi nezaman giderilcek bilgi verin?,arac_tren,2,information_request,2,P3,2,yazim_yanlisi,missing:gemini
vagon ici ekranlar calismiyo teknik ekip nezaman bakicak?,arac_tren,2,information_request,2,P3,2,yazim_yanlisi,missing:gemini
aractaki agir koku icin nezaman temizlik ekibi gelcek?,arac_tren,2,information_request,2,P3,2,yazim_yanlisi,missing:gemini
frenlerden gelen ses icin bakim yapildimi ogrenmek istiyoruz.,arac_tren,2,information_request,2,P3,2,yazim_yanlisi,missing:gemini
hvac sistemi sogutmuyo vagon cok sicak nezaman duzelir?,arac_tren,2,information_request,2,P3,2,yazim_yanlisi,missing:gemini
tren cami kirik acil mudahale gereklimi nezaman gelinir?,arac_tren,2,fault_report,0,P2,1,yazim_yanlisi,missing:gemini
Tren kapı arızası ne zaman?,arac_tren,2,information_request,2,P3,2,cok_kisa,missing:gemini
Vagon kliması çalışacak mı?,arac_tren,2,information_request,2,P3,2,cok_kisa,missing:gemini
Araç ekranı bilgi talebi.,arac_tren,2,information_request,2,P3,2,cok_kisa,missing:gemini
Fren sesi bakım ne zaman?,arac_tren,2,information_request,2,P3,2,cok_kisa,missing:gemini
Vagon camı ne zaman değişir?,arac_tren,2,information_request,2,P3,2,cok_kisa,missing:gemini
Tren anonsu düzeldi mi?,arac_tren,2,information_request,2,P3,2,cok_kisa,missing:gemini
Araç içi koku kontrolü?,arac_tren,2,information_request,2,P3,2,cok_kisa,missing:gemini
"M2 hattı Hacıosman yönündeki trenin vagon içi anonsları ne zaman düzelecek, bilgi alabilir miyim?",arac_tren,2,information_request,2,P3,2,standart,missing:gemini
Ne zaman tamir edilir vagon 4 kapısı acil?,arac_tren,2,fault_report,0,P2,1,devrik,missing:gemini
Bagcilar yonu tren klima ne zaman sogutmaya baslar acaba bilgi varmi?,arac_tren,2,information_request,2,P3,2,yazim_yanlisi,missing:gemini
Tren ekranları ne zaman açılır?,arac_tren,2,information_request,2,P3,2,cok_kisa,missing:gemini
"Şişli istasyonundaki trende oluşan duman kokusuna müdahale edildi mi, seferler güvenli şekilde devam ediyor mu?",arac_tren,2,incident_report,1,P1,0,standart,missing:gemini
Yenikapı istasyonunda peron bilgi ekranlarındaki sefer saatlerinin güncel durumu hakkında ne zaman açıklama yapılacak?,yolcu_hizmetleri,8,information_request,2,P3,2,standart,missing:gemini
Şişli istasyonu güney çıkışındaki yönlendirme tabelalarının eksikliği konusunda yolculara nasıl bir bilgilendirme sağlanacak?,yolcu_hizmetleri,8,information_request,2,P4,3,standart,missing:gemini
Uzunçayır peronunda ses seviyesinin yetersiz olması sebebiyle anonsların duyulmadığına dair geri bildirim ne zaman incelenecek?,yolcu_hizmetleri,8,information_request,2,P3,2,standart,missing:gemini
Ataköy istasyonunda sabah vardiyasında yaşanan sefer gecikmeleri için yolculara bir özür anonsu geçilecek mi?,yolcu_hizmetleri,8,information_request,2,P4,3,standart,missing:gemini
Mecidiyeköy istasyonunda peron yoğunluğu arttığında ek seferlerin devreye girip girmeyeceğini nereden öğrenebiliriz?,yolcu_hizmetleri,8,information_request,2,P3,2,standart,missing:gemini
Bağcılar hattında sefer iptalleri yaşanırken peron ekranlarında neden hala sefer varmış gibi bilgi görünüyor?,yolcu_hizmetleri,8,complaint,3,P2,1,standart,missing:gemini
Ne zaman düzelecek peron ekranındaki yanlış bilgi?,yolcu_hizmetleri,8,information_request,2,P3,2,devrik,missing:gemini
Gelmedi mi hala beklenen 07:20 treni?,yolcu_hizmetleri,8,information_request,2,P3,2,devrik,missing:gemini
Yapılacak mı gecikme anonsu peron genelinde?,yolcu_hizmetleri,8,information_request,2,P3,2,devrik,missing:gemini
Hangi yöne gidiyor bu yanlış tabelalar?,yolcu_hizmetleri,8,information_request,2,P3,2,devrik,missing:gemini
Ne zaman azalır bu peron yoğunluğu?,yolcu_hizmetleri,8,information_request,2,P3,2,devrik,missing:gemini
Çalışıyor mu hat şu an kesintisiz?,yolcu_hizmetleri,8,information_request,2,P2,1,devrik,missing:gemini
peron ekrani neden yanlis bilgi veriyo bi kontrol edermisiniz?,yolcu_hizmetleri,8,fault_report,0,P3,2,yazim_yanlisi,missing:gemini
atakoy istasyonunda sefer saati neden gorunmuyo nezaman gelcek tren?,yolcu_hizmetleri,8,information_request,2,P3,2,yazim_yanlisi,missing:gemini
ses cok az geliyo hicbisey duyulmuyo ne zaman duzeltilicek bu?,yolcu_hizmetleri,8,information_request,2,P3,2,yazim_yanlisi,missing:gemini
yenikapi aktarma koridoru yonlendirme tabelalari eksik ne zaman takilacak?,yolcu_hizmetleri,8,information_request,2,P4,3,yazim_yanlisi,missing:gemini
sisli yonunde seferlerin gecikme sebebi hakkinda anons yapilcakmi?,yolcu_hizmetleri,8,information_request,2,P3,2,yazim_yanlisi,missing:gemini
sabah vardiyasinda neden bu kadar cok sefer iptali oluyo?,yolcu_hizmetleri,8,complaint,3,P2,1,yazim_yanlisi,missing:gemini
Tren ne zaman gelir?,yolcu_hizmetleri,8,information_request,2,P3,2,cok_kisa,missing:gemini
Hat çalışıyor mu şu an?,yolcu_hizmetleri,8,information_request,2,P2,1,cok_kisa,missing:gemini
Anons ne zaman yapılacak?,yolcu_hizmetleri,8,information_request,2,P3,2,cok_kisa,missing:gemini
Sefer iptali var mı?,yolcu_hizmetleri,8,information_request,2,P2,1,cok_kisa,missing:gemini
Peron bilgisi doğru mu?,yolcu_hizmetleri,8,information_request,2,P3,2,cok_kisa,missing:gemini
"Vezneciler bilet holündeki Biletmatik cihazının para sıkışması sorunu ne zaman giderilecek, bilgi alabilir miyim?",elektronik_sistemler,4,information_request,2,P3,2,standart,missing:gemini
Kadıköy istasyonu turnike bölgesindeki QR okuyucuların güncellemesi bugün içerisinde tamamlanacak mı acaba?,elektronik_sistemler,4,information_request,2,P3,2,standart,missing:gemini
Yenikapı bilet holünde bulunan kart dolum cihazının arızası için teknik ekip ne zaman gelecek?,elektronik_sistemler,4,fault_report,0,P3,2,standart,missing:gemini
Taksim istasyonu 2. peron girişindeki turnikenin ekran hatası hakkında bir onarım planı bulunuyor mu?,elektronik_sistemler,4,information_request,2,P3,2,standart,missing:gemini
Sanayi Mahallesi istasyonunda gerçekleşen geçiş kaydı senkronizasyon problemi saat kaça kadar çözülmüş olur?,elektronik_sistemler,4,information_request,2,P3,2,standart,missing:gemini
Hacıosman turnikelerindeki temassız kart okuma sorunu için sistem merkezinden bir müdahale yapılacak mı?,elektronik_sistemler,4,information_request,2,P3,2,standart,missing:gemini
Ne zaman tamir olur turnike Taksim?,elektronik_sistemler,4,information_request,2,P3,2,devrik,missing:gemini
Kart okumuyor mu hala Vezneciler?,elektronik_sistemler,4,information_request,2,P3,2,devrik,missing:gemini
Bilgi var mı biletmatik arızasıyla?,elektronik_sistemler,4,information_request,2,P3,2,devrik,missing:gemini
Ne zaman düzelir bu dolum makinesi?,elektronik_sistemler,4,information_request,2,P3,2,devrik,missing:gemini
Çözülecek mi bu QR hatası bugün?,elektronik_sistemler,4,information_request,2,P3,2,devrik,missing:gemini
Geldi mi teknik servis bilet holüne?,elektronik_sistemler,4,information_request,2,P3,2,devrik,missing:gemini
haciosman biletmatik neden calismiyor nezaman gelir ekipler?,elektronik_sistemler,4,fault_report,0,P3,2,yazim_yanlisi,missing:gemini
yenikapi turnike reader hata veriyo ne zman bakilacak?,elektronik_sistemler,4,fault_report,0,P3,2,yazim_yanlisi,missing:gemini
taksim bilet holu dolum cihazi bozuk bilgi verin.,elektronik_sistemler,4,fault_report,0,P3,2,yazim_yanlisi,missing:gemini
kadikoy istasyonunda kart okuyucu nezman duzelir acaba?,elektronik_sistemler,4,information_request,2,P3,2,yazim_yanlisi,missing:gemini
sanayi mahallesinde qr neden calismiyo nezman acilir?,elektronik_sistemler,4,information_request,2,P3,2,yazim_yanlisi,missing:gemini
vezneciler turnike ekranlari nezaman calisacak bilgi lutfen.,elektronik_sistemler,4,information_request,2,P3,2,yazim_yanlisi,missing:gemini
Biletmatik ne zaman çalışacak?,elektronik_sistemler,4,information_request,2,P3,2,cok_kisa,missing:gemini
Turnike 4 bilgi talebi.,elektronik_sistemler,4,information_request,2,P3,2,cok_kisa,missing:gemini
Kart okuyucu onarım ne zaman?,elektronik_sistemler,4,information_request,2,P3,2,cok_kisa,missing:gemini
Dolum cihazı ne zaman açılacak?,elektronik_sistemler,4,information_request,2,P3,2,cok_kisa,missing:gemini
QR sistem arızası düzeltildi mi?,elektronik_sistemler,4,information_request,2,P3,2,cok_kisa,missing:gemini
Ekran hatası ne zaman giderilir?,elektronik_sistemler,4,information_request,2,P3,2,cok_kisa,missing:gemini
"Mecidiyeköy istasyonu tavanındaki yoğun su sızıntısı için teknik ekip ne zaman müdahale edecek, bilgi alabilir miyim?",altyapi_insaat,10,information_request,2,P2,1,standart,missing:gemini
Bağcılar hattındaki tünel çatlakları ile ilgili planlanan güçlendirme çalışmaları tam olarak ne kadar süre devam edecektir?,altyapi_insaat,10,information_request,2,P2,1,standart,missing:gemini
"Şirinevler üst geçit merdivenindeki basamak çökmesi için onarım planlaması hangi gün yapılacaktır, bilgi rica ediyoruz.",altyapi_insaat,10,information_request,2,P2,1,standart,missing:gemini
Vezneciler peron katındaki mazgal tıkanıklığının kalıcı olarak giderilmesi için acil bir drenaj çalışması başlatılacak mıdır?,altyapi_insaat,10,information_request,2,P2,1,standart,missing:gemini
"Kadıköy istasyonu koridorlarındaki rutubet ve nemlenme sorunu yolcu konforunu bozuyor, bu konuda bir iyileştirme var mı?",altyapi_insaat,10,information_request,2,P3,2,standart,missing:gemini
Ne zaman kesilecek perondaki bu su sızıntısı?,altyapi_insaat,10,information_request,2,P2,1,devrik,missing:gemini
Biter mi inşaat faaliyeti akşama kadar?,altyapi_insaat,10,information_request,2,P3,2,devrik,missing:gemini
Drenaj borusu yapılacak mı koridora bugün?,altyapi_insaat,10,information_request,2,P3,2,devrik,missing:gemini
Fayanslar değişecek mi girişteki acil acaba?,altyapi_insaat,10,information_request,2,P3,2,devrik,missing:gemini
Yapılacak mı zemin çökmesine müdahale sabah?,altyapi_insaat,10,information_request,2,P2,1,devrik,missing:gemini
kadikoy istasyonundaki tavan akintisi nezaman tamir edilicek acaba bilgi varmi?,altyapi_insaat,10,information_request,2,P2,1,yazim_yanlisi,missing:gemini
sirinevler alt kat su baskini icin ekip geldimi suan mudhale ediliyomu?,altyapi_insaat,10,information_request,2,P1,0,yazim_yanlisi,missing:gemini
bagcilar tunelindeki catlaklar icin guclendirme ne vakit baslicak acaba?,altyapi_insaat,10,information_request,2,P2,1,yazim_yanlisi,missing:gemini
vezneciler mazzgal tikanikligi ne zaman acilir yolcular sormaya basladi?,altyapi_insaat,10,information_request,2,P3,2,yazim_yanlisi,missing:gemini
taksim bilet holu duvar nemlenmesi kontrol edilecekmi bugun vardiyasinda?,altyapi_insaat,10,information_request,2,P3,2,yazim_yanlisi,missing:gemini
Tavan sızıntısı ne zaman biter?,altyapi_insaat,10,information_request,2,P2,1,cok_kisa,missing:gemini
Duvar çatlağı onarılacak mı?,altyapi_insaat,10,information_request,2,P3,2,cok_kisa,missing:gemini
Gider tıkanıklığı ne zaman açılır?,altyapi_insaat,10,information_request,2,P3,2,cok_kisa,missing:gemini
İnşaat alanı ne zaman açılacak?,altyapi_insaat,10,information_request,2,P4,3,cok_kisa,missing:gemini
Zemin çökmesi tamir zamanı?,altyapi_insaat,10,information_request,2,P2,1,cok_kisa,missing:gemini
Yenikapı istasyonu asansör kabin içlerine tutunma barlarının eklenmesi yolcu güvenliği açısından faydalı olacaktır.,mekanik_istasyon,0,suggestion,4,P4,3,standart,missing:gemini
Vezneciler kuzey girişindeki turnike kollarının darbelere dayanıklı yumuşak kaplama ile yenilenmesini öneriyoruz.,mekanik_istasyon,0,suggestion,4,P4,3,standart,missing:gemini
Şirinevler aktarma merkezindeki yürüyen merdiven basamaklarına kaydırmaz bant uygulaması yapılması emniyeti artıracaktır.,mekanik_istasyon,0,suggestion,4,P4,3,standart,missing:gemini
Ataköy bilet holü çıkış kapılarına rüzgar kesici otomatik bariyer sistemi kurulması ısıl dengeyi koruyacaktır.,mekanik_istasyon,0,suggestion,4,P4,3,standart,missing:gemini
Yoğun saatlerde turnike geçişlerini hızlandırmak için döner kolların hafifletilmiş alaşımla değiştirilmesini teklif ediyorum.,mekanik_istasyon,0,suggestion,4,P4,3,standart,missing:gemini
İstasyon girişindeki manuel demir kapıların sensörlü otomatik sistemlerle güncellenmesi erişilebilirliği kolaylaştıracaktır.,mekanik_istasyon,0,suggestion,4,P4,3,standart,missing:gemini
Eklensin koruyucu bariyer asansör önüne.,mekanik_istasyon,0,suggestion,4,P4,3,devrik,missing:gemini
Yapılmalı zemin revizyonu yürüyen merdiven girişine.,altyapi_insaat,10,suggestion,4,P4,3,devrik,missing:gemini
Yenilensin turnike gövdeleri Şişhane bilet holü.,mekanik_istasyon,0,suggestion,4,P4,3,devrik,missing:gemini
Şart ek tutamak asansör kabin içine.,mekanik_istasyon,0,suggestion,4,P4,3,devrik,missing:gemini
Gerekli kauçuk kaplama turnike kollarına.,mekanik_istasyon,0,suggestion,4,P4,3,devrik,missing:gemini
Değişmeli menteşeler istasyon ana giriş kapısında.,mekanik_istasyon,0,suggestion,4,P4,3,devrik,missing:gemini
asansorlerin icine ayna takilsa cok daha ferah olur valla.,mekanik_istasyon,0,suggestion,4,P4,3,yazim_yanlisi,missing:gemini
yuruyen merdıven kenarlarına koruyucu cıta takılsa ıyı olcak.,mekanik_istasyon,0,suggestion,4,P4,3,yazim_yanlisi,missing:gemini
turnıke koları cok sert dıs kaplama lazim bunlara.,mekanik_istasyon,0,suggestion,4,P4,3,yazim_yanlisi,missing:gemini
veznecıler gırıs kapısı mekanızması degısse cok iyi olr.,mekanik_istasyon,0,suggestion,4,P4,3,yazim_yanlisi,missing:gemini
bariyerlerin kılıt sıstemı guclendırılse daha guvenlı olur bence.,mekanik_istasyon,0,suggestion,4,P4,3,yazim_yanlisi,missing:gemini
asansör dugmelerı kabartmalı metal olsa daha dayanıklı olurdu.,mekanik_istasyon,0,suggestion,4,P4,3,yazim_yanlisi,missing:gemini
merdıven basamak boyaları yenılense yolcu daha ıyı gorur.,altyapi_insaat,10,suggestion,4,P4,3,yazim_yanlisi,missing:gemini
Asansör içi ayna takılsın.,mekanik_istasyon,0,suggestion,4,P4,3,cok_kisa,missing:gemini
Turnike kolları yumuşatılsın.,mekanik_istasyon,0,suggestion,4,P4,3,cok_kisa,missing:gemini
Giriş kapıları otomatikleşsin.,mekanik_istasyon,0,suggestion,4,P4,3,cok_kisa,missing:gemini
Merdiven yanlarına fırça eklensin.,mekanik_istasyon,0,suggestion,4,P4,3,cok_kisa,missing:gemini
Bariyer boyları uzatılsın.,mekanik_istasyon,0,suggestion,4,P4,3,cok_kisa,missing:gemini
Turnike gövdesi güçlendirilmeli.,mekanik_istasyon,0,suggestion,4,P4,3,cok_kisa,missing:gemini
Taksim istasyonu bilet holü yürüyen merdivenlerine fırça koruyucu takılması teknik güvenliği ve temizliği artıracaktır.,mekanik_istasyon,0,suggestion,4,P4,3,standart,missing:gemini
Yenilensin turnike gövdeleri Topkapı bilet holünde çok eskidi.,mekanik_istasyon,0,suggestion,4,P4,3,devrik,missing:gemini
sirinevler turnike kollarina kaucuk kilif takilsa hasar azalir,mekanik_istasyon,0,suggestion,4,P4,3,yazim_yanlisi,missing:gemini
Kapı kolları değişimi gerekli.,mekanik_istasyon,0,suggestion,4,P4,3,cok_kisa,missing:gemini
Gayrettepe istasyonu kuzey girişindeki asansör kapı raylarına fırça sistemi eklenmesi tıkanmaları önleyecektir.,mekanik_istasyon,0,suggestion,4,P4,3,standart,missing:gemini
Şişli istasyonu kuzey girişindeki güvenlik personelinin devriye sıklığı yoğun saatlerde artırılırsa caydırıcılık daha yüksek olur.,istasyon_guvenlik,6,suggestion,4,P4,3,standart,missing:gemini
Levent bilet holündeki çöp kutularının kapasitesi yetersiz kaldığından daha büyük hacimli modellerle değiştirilmesi önerilmektedir.,temizlik,7,suggestion,4,P4,3,standart,missing:gemini
Hacıosman peron zeminlerinin kayganlığını azaltmak için temizlik sonrası hızlı kurutma sağlayan makineler temin edilmelidir.,temizlik,7,suggestion,4,P4,3,standart,missing:gemini
Kirazlı istasyonunda seyyar satıcı girişini engellemek için turnike bölgesine ek güvenlik bariyerleri planlanması uygun olacaktır.,istasyon_guvenlik,6,suggestion,4,P4,3,standart,missing:gemini
Vezneciler tuvaletlerinde hijyenin korunması amacıyla kağıt havlu yerine yüksek hızlı el kurutma cihazları kullanılmalıdır.,temizlik,7,suggestion,4,P4,3,standart,missing:gemini
Yangın söndürme ekipmanlarına erişimi kolaylaştırmak için dolap kapaklarına şeffaf ve dayanıklı pleksi kaplama yapılması önerilir.,istasyon_guvenlik,6,suggestion,4,P4,3,standart,missing:gemini
Arttırılsın güvenlik personeli sayısı Taksim'de.,istasyon_guvenlik,6,suggestion,4,P4,3,devrik,missing:gemini
Değişmeli çöp kovaları daha büyüklerle.,temizlik,7,suggestion,4,P4,3,devrik,missing:gemini
Yapılsın periyodik ilaçlama Levent bilet holüne.,temizlik,7,suggestion,4,P4,3,devrik,missing:gemini
Konsun yangın tüplerine koruyucu kafes.,istasyon_guvenlik,6,suggestion,4,P4,3,devrik,missing:gemini
Gerekli mobil temizlik ekibi hafta sonu.,temizlik,7,suggestion,4,P4,3,devrik,missing:gemini
guvenlik personeline kaskatli telsiz sistemi verilse iletisim cok hizlanir.,istasyon_guvenlik,6,suggestion,4,P4,3,yazim_yanlisi,missing:gemini
vezneciler alt katina hasere icin ilaclama istasyonlari kurulmali bence.,temizlik,7,suggestion,4,P4,3,yazim_yanlisi,missing:gemini
cop kutularina kapak takilirsa kotu koku yayilmasi engellenmis olur.,temizlik,7,suggestion,4,P4,3,yazim_yanlisi,missing:gemini
merdiven baslarina kaydirmaz bant yapistirilmasi yolcu guvenligi icin cok onemli.,altyapi_insaat,10,suggestion,4,P4,3,yazim_yanlisi,missing:gemini
temizlik personeline daha guclu dezenfektan verilmeli hijyen acisindan.,temizlik,7,suggestion,4,P4,3,yazim_yanlisi,missing:gemini
yangin dolaplari onune engel konulmasi yolcularin yaslanmasini onler.,istasyon_guvenlik,6,suggestion,4,P4,3,yazim_yanlisi,missing:gemini
Taksim'e ek güvenlik devriyesi.,istasyon_guvenlik,6,suggestion,4,P4,3,cok_kisa,missing:gemini
Peronlara kaydırmaz zemin solüsyonu.,altyapi_insaat,10,suggestion,4,P4,3,cok_kisa,missing:gemini
Tuvaletlere sensörlü koku makinesi.,temizlik,7,suggestion,4,P4,3,cok_kisa,missing:gemini
Bilet holü büyük çöp kutusu.,temizlik,7,suggestion,4,P4,3,cok_kisa,missing:gemini
Güvenliğe yedek telsiz bataryası.,istasyon_guvenlik,6,suggestion,4,P4,3,cok_kisa,missing:gemini
Kirazlı perona gece ilaçlama.,temizlik,7,suggestion,4,P4,3,cok_kisa,missing:gemini
Yangın tüplerine işaretleme levhası.,istasyon_guvenlik,6,suggestion,4,P4,3,cok_kisa,missing:gemini
Yenikapı aktarma koridorundaki temizlik personel sayısının sabah vardiyasında artırılması hijyen standartlarını önemli ölçüde iyileştirecektir.,temizlik,7,suggestion,4,P4,3,standart,missing:gemini
Artırılsın güvenlik devriyesi sayısı Bostancı koridorlarında.,istasyon_guvenlik,6,suggestion,4,P4,3,devrik,missing:gemini
bagcilar gise onune seyyar satici girmemesi icin ek bariyer lazim.,istasyon_guvenlik,6,suggestion,4,P4,3,yazim_yanlisi,missing:gemini
Yenikapı istasyonundaki peron bilgi ekranlarına bir sonraki trenin doluluk oranının eklenmesi yolcu dağılımını iyileştirebilir.,yolcu_hizmetleri,8,suggestion,4,P4,3,standart,missing:gemini
Vezneciler tünel ağzındaki yönlendirme tabelalarının fosforlu renklerle güncellenmesi yaşlı yolcular için büyük kolaylık sağlayacaktır.,yolcu_hizmetleri,8,suggestion,4,P4,3,standart,missing:gemini
Sefer iptali durumlarında anonsların otomatik yerine manuel ve detaylı yapılması yolcu memnuniyetini artıracak bir adımdır.,yolcu_hizmetleri,8,suggestion,4,P4,3,standart,missing:gemini
Levent istasyonu bilet holü girişine entegre ulaşım haritalarının eklenmesi aktarma yapacak yolculara zaman kazandıracaktır.,yolcu_hizmetleri,8,suggestion,4,P4,3,standart,missing:gemini
Peron yoğunluğu arttığında otomatik devreye giren sesli uyarı sistemi kurulması genel yolcu güvenliğini artırır.,sinyalizasyon_haberlesme,3,suggestion,4,P4,3,standart,missing:gemini
Bostancı istasyonunda asansör önü tabelalarına asansörün hangi kata çıktığını gösteren simgeler eklenmesi karmaşayı önler.,yolcu_hizmetleri,8,suggestion,4,P4,3,standart,missing:gemini
Eklensin İngilizce anonslar turist yoğunluğunda,yolcu_hizmetleri,8,suggestion,4,P4,3,devrik,missing:gemini
Konulmalı büyük levhalar Marmaray aktarmasına,yolcu_hizmetleri,8,suggestion,4,P4,3,devrik,missing:gemini
Gelsin peron ekranına sefer süreleri,yolcu_hizmetleri,8,suggestion,4,P4,3,devrik,missing:gemini
Olmalı daha net anons sesleri,yolcu_hizmetleri,8,suggestion,4,P4,3,devrik,missing:gemini
Işıklı olsun yönlendirme tabelaları alt katta,yolcu_hizmetleri,8,suggestion,4,P4,3,devrik,missing:gemini
Yazılsın bekleme süreleri giriş turnikelerine,yolcu_hizmetleri,8,suggestion,4,P4,3,devrik,missing:gemini
sisli peronuna daha buyuk bilgilendirme ekrani lazim yolcu goremiyo,yolcu_hizmetleri,8,suggestion,4,P4,3,yazim_yanlisi,missing:gemini
anonslarin ses seviyesi sabah vardiyasinda biraz daha artirilmali duyulmuyo,yolcu_hizmetleri,8,suggestion,4,P4,3,yazim_yanlisi,missing:gemini
levent istasyonunda aktarma tabelalari fosforlu yapilsa cok iyi olur,yolcu_hizmetleri,8,suggestion,4,P4,3,yazim_yanlisi,missing:gemini
yenikapi bilet holune sefer haritasi eklenmesi yolcuyu rahatlatir bence,yolcu_hizmetleri,8,suggestion,4,P4,3,yazim_yanlisi,missing:gemini
peron ekranindaki yazi boyutu kucuk kalio buyutulmesi onerimdir,yolcu_hizmetleri,8,suggestion,4,P4,3,yazim_yanlisi,missing:gemini
acil durum duyurulari daha anlasilir kelimelerle yeniden duzenlenmeli bence,yolcu_hizmetleri,8,suggestion,4,P4,3,yazim_yanlisi,missing:gemini
Perona dijital harita eklenmeli,yolcu_hizmetleri,8,suggestion,4,P4,3,cok_kisa,missing:gemini
Anonslar daha sık yapılmalı,yolcu_hizmetleri,8,suggestion,4,P4,3,cok_kisa,missing:gemini
Tabelalar daha büyük olmalı,yolcu_hizmetleri,8,suggestion,4,P4,3,cok_kisa,missing:gemini
Ekranlara varış saati eklensin,yolcu_hizmetleri,8,suggestion,4,P4,3,cok_kisa,missing:gemini
Yönlendirme levhaları yenilenmeli,yolcu_hizmetleri,8,suggestion,4,P4,3,cok_kisa,missing:gemini
Peron yoğunluk uyarısı şart,yolcu_hizmetleri,8,suggestion,4,P4,3,cok_kisa,missing:gemini
Girişlere sefer durumu ekranı,yolcu_hizmetleri,8,suggestion,4,P4,3,cok_kisa,missing:gemini
Kadıköy istasyonunda akşam yoğun saatlerde anons ses seviyesinin ortam gürültüsüne göre otomatik ayarlanması faydalı olacaktır.,yolcu_hizmetleri,8,suggestion,4,P4,3,standart,missing:gemini
Gerekiyor ek tabela Bağcılar güney çıkış bilet holüne.,yolcu_hizmetleri,8,suggestion,4,P4,3,devrik,missing:gemini
atakoy peron ekranina anlik sefer iptal sebebi eklenmeli yolcu soruyo,yolcu_hizmetleri,8,suggestion,4,P4,3,yazim_yanlisi,missing:gemini
Peron yoğunluk bariyeri eklenmeli.,yolcu_hizmetleri,8,suggestion,4,P4,3,cok_kisa,missing:gemini
Şirinevler istasyonunda peron yoğunluğunu azaltmak adına alternatif güzergah bilgilerinin anons sistemine dahil edilmesi önerilmektedir.,yolcu_hizmetleri,8,suggestion,4,P4,3,standart,missing:gemini
Esenler istasyonu trafo merkezindeki ısınma sorunu için harici soğutma sistemi kurulmasını teklif ediyorum.,elektrik_enerji,1,suggestion,4,P3,2,standart,missing:gemini
Topkapı turnike bölgesi aydınlatmalarının LED sisteme dönüştürülmesi enerji verimliliği açısından büyük avantaj sağlayacaktır.,elektrik_enerji,1,suggestion,4,P4,3,standart,missing:gemini
Levent tünel ağzındaki katener tellerinin gerginliğini ölçmek amacıyla dijital sensörler kullanılmasını öneriyorum.,elektrik_enerji,1,suggestion,4,P4,3,standart,missing:gemini
Şişli istasyonu UPS odasındaki akülerin ömürlerini tamamlaması nedeniyle yeni nesil lityum akülerle değiştirilmesi gereklidir.,elektrik_enerji,1,suggestion,4,P3,2,standart,missing:gemini
Kadıköy 2. peron elektrik panolarının yerleri yolcu güvenliği için daha korunaklı bir alana taşınmalıdır.,elektrik_enerji,1,suggestion,4,P3,2,standart,missing:gemini
Gelsin ek aydınlatma asansör önüne.,elektrik_enerji,1,suggestion,4,P4,3,devrik,missing:gemini
Yenilenmeli UPS aküleri servis sonunda.,elektrik_enerji,1,suggestion,4,P3,2,devrik,missing:gemini
Şart peron sigortalarına yeni düzenleme.,elektrik_enerji,1,suggestion,4,P3,2,devrik,missing:gemini
Hızlandırılmalı trafo bakım periyotları Kadıköy.,elektrik_enerji,1,suggestion,4,P3,2,devrik,missing:gemini
Gerekli koridorlara hareket sensörlü lamba.,elektrik_enerji,1,suggestion,4,P4,3,devrik,missing:gemini
kartal asansor onu icin led armatur takilsa iyi olur.,elektrik_enerji,1,suggestion,4,P4,3,yazim_yanlisi,missing:gemini
sisli koridor aydinlatmalari sensorlu yapilmali tasarruf icin.,elektrik_enerji,1,suggestion,4,P4,3,yazim_yanlisi,missing:gemini
kadikoy trafo odasina ek sogutma lazim cok isiniyor.,elektrik_enerji,1,suggestion,4,P3,2,yazim_yanlisi,missing:gemini
levent tunel agzi kablo tavalari yenilenirse ariza azalir.,elektrik_enerji,1,suggestion,4,P3,2,yazim_yanlisi,missing:gemini
esenler jenerator yakit tanki kapasitesi arttirilmali bence.,elektrik_enerji,1,suggestion,4,P3,2,yazim_yanlisi,missing:gemini
Pano 4 termal kamera eklenmeli.,elektrik_enerji,1,suggestion,4,P3,2,cok_kisa,missing:gemini
Trafo bariyer montaj önerisi.,elektrik_enerji,1,suggestion,4,P3,2,cok_kisa,missing:gemini
UPS akü grubu yenilenmeli.,elektrik_enerji,1,suggestion,4,P3,2,cok_kisa,missing:gemini
Kartal aydınlatma LED dönüşümü.,elektrik_enerji,1,suggestion,4,P4,3,cok_kisa,missing:gemini
Topkapı jeneratör izolasyon talebi.,elektrik_enerji,1,suggestion,4,P3,2,cok_kisa,missing:gemini
Mecidiyeköy bilet holündeki hırsızlık olaylarını önlemek amacıyla bu bölgeye ek aydınlatma ve bariyer sistemi kurulmalıdır.,istasyon_guvenlik,6,suggestion,4,P4,3,standart,missing:gemini
Vezneciler istasyonundaki bayılma vakalarına hızlı müdahale için peron katına acil yardım kiti ve sedye konulmalıdır.,istasyon_guvenlik,6,suggestion,4,P4,3,standart,missing:gemini
Üsküdar istasyonu güney çıkışındaki kavgaların engellenmesi için bu noktada sabit bir polis noktası oluşturulması önerilir.,istasyon_guvenlik,6,suggestion,4,P4,3,standart,missing:gemini
Taksim peron alanındaki izdihamı yönetmek adına yoğun saatlerde peron girişlerine kontrollü geçiş sistemi getirilmelidir.,istasyon_guvenlik,6,suggestion,4,P4,3,standart,missing:gemini
Levent istasyonunda sıklaşan şüpheli paket ihbarlarını azaltmak için yolcuları bilgilendiren sesli uyarı sistemleri güncellenmelidir.,yolcu_hizmetleri,8,suggestion,4,P3,2,standart,missing:gemini
Eklensin sağlık kabini Taksim peronuna.,istasyon_guvenlik,6,suggestion,4,P4,3,devrik,missing:gemini
Eklensin acil durum butonu her kolona.,sinyalizasyon_haberlesme,3,suggestion,4,P3,2,devrik,missing:gemini
Konulmalı daha çok buton acil durumlar için.,sinyalizasyon_haberlesme,3,suggestion,4,P3,2,devrik,missing:gemini
Kurulsun güvenlik bariyeri tünel ağzı girişine.,altyapi_insaat,10,suggestion,4,P3,2,devrik,missing:gemini
Yapılsın bariyerli düzenleme bilet holü izdihamına.,yolcu_hizmetleri,8,suggestion,4,P4,3,devrik,missing:gemini
atakoy istasyonuna ambulans beklem noktasi yapilsa iyi olur bence.,istasyon_guvenlik,6,suggestion,4,P4,3,yazim_yanlisi,missing:gemini
uskudar perona acil tibbi mudahale cantasi sart artik.,istasyon_guvenlik,6,suggestion,4,P4,3,yazim_yanlisi,missing:gemini
supheli paketler icin bilet holune dedektor koyulmasi lazim artik.,istasyon_guvenlik,6,suggestion,4,P4,3,yazim_yanlisi,missing:gemini
hirsizlik cok oluyo mecidiyekoyde turnike ustu ayna takilsin.,istasyon_guvenlik,6,suggestion,4,P4,3,yazim_yanlisi,missing:gemini
taciz vakalari icin vagonlara acil yardim butonu eklenmeli.,arac_tren,2,suggestion,4,P4,3,yazim_yanlisi,missing:gemini
Perona acil butonu eklensin.,sinyalizasyon_haberlesme,3,suggestion,4,P4,3,cok_kisa,missing:gemini
Bilet holüne polis noktası.,istasyon_guvenlik,6,suggestion,4,P4,3,cok_kisa,missing:gemini
Asayiş için ek bariyer.,istasyon_guvenlik,6,suggestion,4,P4,3,cok_kisa,missing:gemini
Hastalar için perona sedye.,istasyon_guvenlik,6,suggestion,4,P4,3,cok_kisa,missing:gemini
Girişe x-ray cihazı takviyesi.,istasyon_guvenlik,6,suggestion,4,P4,3,cok_kisa,missing:gemini
Vagon kapısı açılmıyor 2. vagon,arac_tren,2,fault_report,0,P3,2,devrik,relabel:gemini
Fren basıncı düşük 4. vagon,arac_tren,2,fault_report,0,P2,1,devrik,relabel:gemini
Makinist kabini anons mikrofonu çalişmiyor,arac_tren,2,fault_report,0,P3,2,devrik,relabel:gemini
vagon ic aydinlatma calismiyo 3 nolu vagon,arac_tren,2,fault_report,0,P3,2,yazim_yanlisi,relabel:gemini
makinist kabini fren manivelasi tikaniyo,arac_tren,2,fault_report,0,P2,1,yazim_yanlisi,relabel:gemini
vagon kapi acilmiyo 1 numarali vagonda,arac_tren,2,fault_report,0,P3,2,yazim_yanlisi,relabel:gemini
Vagon 3 kapı arızalı,arac_tren,2,fault_report,0,P3,2,cok_kisa,relabel:gemini
Vagon 5 klima bozuk,arac_tren,2,fault_report,0,P3,2,cok_kisa,relabel:gemini
Makinist kabini anons bozuk,arac_tren,2,fault_report,0,P3,2,cok_kisa,relabel:gemini
"Şişli-Mecidiyeköy hatta 4 numaralı peron kapısı (PSD) kilitlemiyor, sefer güvenliği riske giriyor.",sinyalizasyon_haberlesme,3,fault_report,0,P1,0,standart,relabel:gemini
Yürüyen merdiven durdu 3. peron,mekanik_istasyon,0,fault_report,0,P3,2,devrik,relabel:gemini
Turnike kolu kırıldı giriş katı,mekanik_istasyon,0,fault_report,0,P3,2,devrik,relabel:gemini
Asansör kapısı takıldı B1 kat,mekanik_istasyon,0,fault_report,0,P3,2,devrik,relabel:gemini
asansor calismiyor kartal istasyon,mekanik_istasyon,0,fault_report,0,P3,2,yazim_yanlisi,relabel:gemini
peron kapisi acilmiyor yenisahra,sinyalizasyon_haberlesme,3,fault_report,0,P2,1,yazim_yanlisi,relabel:gemini
turnike donmesi var haciosman,mekanik_istasyon,0,fault_report,0,P3,2,yazim_yanlisi,relabel:gemini
Turnike 5 mekanik arıza,mekanik_istasyon,0,fault_report,0,P3,2,cok_kisa,relabel:gemini
PSD kapı kilitlenmedi,sinyalizasyon_haberlesme,3,fault_report,0,P2,1,cok_kisa,relabel:gemini
Kadıköy istasyonunda peron aydınlatması tamamen söndü.,elektrik_enerji,1,fault_report,0,P3,2,standart,relabel:gemini
Şişli-Mecidiyeköy istasyonunda acil aydınlatma üniteleri test sırasında yanmadı.,elektrik_enerji,1,fault_report,0,P2,1,standart,relabel:gemini
Jeneratör test çalışması devreye girmedi peron.,elektrik_enerji,1,fault_report,0,P2,1,devrik,relabel:gemini
Üçüncü ray voltaj düşüşü alarm verdi istasyon.,elektrik_enerji,1,fault_report,0,P2,1,devrik,relabel:gemini
istasyon aydinlatmasi kesik electrik panosu arizali,elektrik_enerji,1,fault_report,0,P3,2,yazim_yanlisi,relabel:gemini
ups bataryalari sarj tutmuyor yedek enerji yok,elektrik_enerji,1,fault_report,0,P2,1,yazim_yanlisi,relabel:gemini
trafoda anormal ses ve yukselen sicaklik algilandi,elektrik_enerji,1,fault_report,0,P1,0,yazim_yanlisi,relabel:gemini
Peron aydınlatması söndü.,elektrik_enerji,1,fault_report,0,P3,2,cok_kisa,relabel:gemini
Katener voltajı düşük.,elektrik_enerji,1,fault_report,0,P2,1,cok_kisa,relabel:gemini
Jeneratör çalışmıyor.,elektrik_enerji,1,fault_report,0,P2,1,cok_kisa,relabel:gemini
Kadıköy bilet otomatında İstanbulkart bakiye hatası veriyor.,elektronik_sistemler,4,fault_report,0,P3,2,standart,relabel:gemini
Şişli-Mecidiyeköy PID ekranlarında sefer bilgileri güncellenmiyor.,yolcu_hizmetleri,8,fault_report,0,P3,2,standart,relabel:gemini
"Üsküdar BSO-05 otomatı banknot kabul etmiyor, sistem kilitli.",elektronik_sistemler,4,fault_report,0,P3,2,standart,relabel:gemini
"İstanbulkart okuyucu yanıt vermiyor, giriş turnikesi.",elektronik_sistemler,4,fault_report,0,P3,2,devrik,relabel:gemini
"Ağ kesintisi, SCADA arayüzü erişilemiyor merkezi.",sinyalizasyon_haberlesme,3,fault_report,0,P2,1,devrik,relabel:gemini
bilet otomati kartin okumuyor hata kodu 404,elektronik_sistemler,4,fault_report,0,P3,2,yazim_yanlisi,relabel:gemini
pid ekranlari dondu sefer bilgisi gelmiyor,yolcu_hizmetleri,8,fault_report,0,P3,2,yazim_yanlisi,relabel:gemini
scada baglantisi kopmus veri yok merkezde,sinyalizasyon_haberlesme,3,fault_report,0,P2,1,yazim_yanlisi,relabel:gemini
BSO-02 sistem hatası,sinyalizasyon_haberlesme,3,fault_report,0,P2,1,cok_kisa,relabel:gemini
Turnike 3 okuma hatası,elektronik_sistemler,4,fault_report,0,P3,2,cok_kisa,relabel:gemini
Sunucu bağlantı hatası,sinyalizasyon_haberlesme,3,fault_report,0,P2,1,cok_kisa,relabel:gemini
Kadıköy istasyonunda peron güvenlik kamerası görüntüsü bozuluyor.,sinyalizasyon_haberlesme,3,fault_report,0,P3,2,standart,relabel:gemini
Şişli-Mecidiyeköy'de yangın algılama sensörü test sırasında uyarı verdi.,sinyalizasyon_haberlesme,3,fault_report,0,P3,2,standart,relabel:gemini
Acil durum butonu basıldığında merkeze sinyal gitmiyor.,sinyalizasyon_haberlesme,3,fault_report,0,P1,0,standart,relabel:gemini
Merkez CCTV kayıt cihazı dondu.,sinyalizasyon_haberlesme,3,fault_report,0,P2,1,devrik,relabel:gemini
İstasyon yangın boru basıncı düşük.,altyapi_insaat,10,fault_report,0,P2,1,devrik,relabel:gemini
Acil çıkış kilidi peron kapısı takılı.,mekanik_istasyon,0,fault_report,0,P1,0,devrik,relabel:gemini
guvenlik kamerasi goruntusu gelmiyo merkeze,sinyalizasyon_haberlesme,3,fault_report,0,P3,2,yazim_yanlisi,relabel:gemini
acil buton calismiyo kartal istasyon,sinyalizasyon_haberlesme,3,fault_report,0,P1,0,yazim_yanlisi,relabel:gemini
turnikeden atlayan var cikis kapisi,guvenlik_asayis_olay,9,incident_report,1,P1,0,yazim_yanlisi,relabel:gemini
Yangın sensörü arızalı,sinyalizasyon_haberlesme,3,fault_report,0,P2,1,cok_kisa,relabel:gemini
CCTV kamera bozuk,sinyalizasyon_haberlesme,3,fault_report,0,P3,2,cok_kisa,relabel:gemini
Kadıköy istasyonunda peron kenarında yolcuya bıçak çekip tehdit eden şüpheli güvenlik tarafından tutuklandı.,guvenlik_asayis_olay,9,incident_report,1,P1,0,standart,relabel:gemini
Yolcu perona atladı intihar teşebbüsü engellendi.,guvenlik_asayis_olay,9,incident_report,1,P1,0,devrik,relabel:gemini
aktarma katinda taciz eden yolcu polis cagirildi,guvenlik_asayis_olay,9,incident_report,1,P1,0,yazim_yanlisi,relabel:gemini
Peronda hırsızlık girişimi.,guvenlik_asayis_olay,9,incident_report,1,P1,0,cok_kisa,relabel:gemini
bilet bolgesinde kavgaya karisan iki kisi alikoyuldu,guvenlik_asayis_olay,9,incident_report,1,P1,0,yazim_yanlisi,relabel:gemini
Mecidiyeköy istasyonunda vagon içinde sigara içen yolcu uyarılmasına rağmen küfür edip güvenlik görevlisine sataştı.,guvenlik_asayis_olay,9,incident_report,1,P1,0,standart,relabel:gemini
Ataşehir transfer koridorunda cebeciği çalmaya çalışan kişi yakalanıp polis ekiplerine teslim edildi.,guvenlik_asayis_olay,9,incident_report,1,P1,0,standart,relabel:gemini
Yasak madde kullanımı şüphesiyle iki kişi tutuklandı.,guvenlik_asayis_olay,9,incident_report,1,P1,0,devrik,relabel:gemini
Kimlik ibraz etmeyen şüpheli.,guvenlik_asayis_olay,9,incident_report,1,P2,1,cok_kisa,relabel:gemini
Kadıköy istasyonu B çıkış koridorunda tavan panellerinden su damlaması devam ediyor.,altyapi_insaat,10,fault_report,0,P3,2,standart,relabel:gemini
Ayrılıkçeşme tünel Segment aralarından yüksek basınçlı su sızıntısı raporlandı.,altyapi_insaat,10,fault_report,0,P1,0,standart,relabel:gemini
Gayrettepe M2 peronu duvar fayanslarında çatlaklar ve dökülmeler tespit edildi.,altyapi_insaat,10,fault_report,0,P3,2,standart,relabel:gemini
Taksim M2 viyadukt ray altı betonarme kırılması onarım bekliyor.,altyapi_insaat,10,fault_report,0,P1,0,devrik,relabel:gemini
Yenikapı Marmaray transfer tüneli drenaj pompa havuzu taşması meydana geldi.,altyapi_insaat,10,fault_report,0,P1,0,standart,relabel:gemini
Şişhane çıkış merdiveni son basamak betonu çatlak yüzünden kapatıldı.,altyapi_insaat,10,fault_report,0,P2,1,devrik,relabel:gemini
kadikoy metro a vm ust gecidi korkuluk baglantisi kopuk,altyapi_insaat,10,fault_report,0,P3,2,yazim_yanlisi,relabel:gemini
mecidiyekoy m7 tunel duvarinda nemlenme ve alg olusumu var,altyapi_insaat,10,fault_report,0,P4,3,yazim_yanlisi,relabel:gemini
sisli istasyon peron zemin dilatasyon capraz catlasi buyuyor,altyapi_insaat,10,fault_report,0,P2,1,yazim_yanlisi,relabel:gemini
Tünel segment sızıntısı.,altyapi_insaat,10,fault_report,0,P2,1,cok_kisa,relabel:gemini
Merdiven basamak kırığı.,mekanik_istasyon,0,fault_report,0,P3,2,cok_kisa,relabel:gemini
Kadıköy istasyonunda peron yoğunluğu nedeniyle seferler gecikmiştir.,yolcu_hizmetleri,8,fault_report,0,P2,1,standart,relabel:gemini
"Yolcu bilgilendirme anonsu yapılmamış, yolcular yanlış perona yönelmiştir.",yolcu_hizmetleri,8,fault_report,0,P3,2,standart,relabel:gemini
"Üsküdar yönlü sefer iptal edildi, yolcular bir sonraki trene yönlendirildi.",yolcu_hizmetleri,8,fault_report,0,P2,1,standart,relabel:gemini
"Mecidiyeköy peronu dolu, seferler seyreltildi.",yolcu_hizmetleri,8,fault_report,0,P2,1,devrik,relabel:gemini
"Anons yok, yolcular şaşırdı Şişli.",yolcu_hizmetleri,8,fault_report,0,P3,2,devrik,relabel:gemini
Kart okumuyor ucret odendi bilet alamadi.,elektronik_sistemler,4,fault_report,0,P3,2,yazim_yanlisi,relabel:gemini
Kapi acilmiyor yolcu saglam cikis.,mekanik_istasyon,0,fault_report,0,P3,2,yazim_yanlisi,relabel:gemini
Peron kalabalik Gayrettepe.,yolcu_hizmetleri,8,fault_report,0,P3,2,cok_kisa,relabel:gemini
